Time,ra,dec,distance
A.D. 2020-Jan-01 00:00:00.0000 UTC,15.72983354137055,-19.3859870792344,2.1843952363332817
A.D. 2020-Jan-02 00:00:00.0000 UTC,15.776056995318356,-19.544140362027328,2.177193774844693
A.D. 2020-Jan-03 00:00:00.0000 UTC,15.822391734633339,-19.699745458173794,2.1699589182864623
A.D. 2020-Jan-04 00:00:00.0000 UTC,15.86883748198384,-19.85277305972023,2.162691443484005
A.D. 2020-Jan-05 00:00:00.0000 UTC,15.915393966962206,-20.003194365714638,2.1553921070778475
A.D. 2020-Jan-06 00:00:00.0000 UTC,15.962060928727796,-20.150981091801498,2.1480616413532814
A.D. 2020-Jan-07 00:00:00.0000 UTC,16.008838118910067,-20.296105482777403,2.140700747143512
A.D. 2020-Jan-08 00:00:00.0000 UTC,16.055725301248142,-20.438540314569376,2.133310083333378
A.D. 2020-Jan-09 00:00:00.0000 UTC,16.102722243473156,-20.578258868673352,2.1258902534753874
A.D. 2020-Jan-10 00:00:00.0000 UTC,16.149828696855902,-20.715234862151437,2.1184417914736127
A.D. 2020-Jan-11 00:00:00.0000 UTC,16.197044360566636,-20.849442323222497,2.1109651499001107
A.D. 2020-Jan-12 00:00:00.0000 UTC,16.24436883206616,-20.980855418114075,2.1034606955096056
A.D. 2020-Jan-13 00:00:00.0000 UTC,16.291801550330355,-21.109448255873208,2.095928715899664
A.D. 2020-Jan-14 00:00:00.0000 UTC,16.339341743224345,-21.235194714431355,2.088369438573668
A.D. 2020-Jan-15 00:00:00.0000 UTC,16.386988390793707,-21.358068332114726,2.0807830597932533
A.D. 2020-Jan-16 00:00:00.0000 UTC,16.43474021172463,-21.47804229078972,2.073169777543027
A.D. 2020-Jan-17 00:00:00.0000 UTC,16.482595673126454,-21.595089489198116,2.065529822313472
A.D. 2020-Jan-18 00:00:00.0000 UTC,16.530553017989146,-21.709182682684865,2.057863481226776
A.D. 2020-Jan-19 00:00:00.0000 UTC,16.57861030254301,-21.82029465746219,2.0501711138348435
A.D. 2020-Jan-20 00:00:00.0000 UTC,16.62676543693619,-21.928398412315488,2.042453160141305
A.D. 2020-Jan-21 00:00:00.0000 UTC,16.675016225179775,-22.033467330805525,2.03471014236169
A.D. 2020-Jan-22 00:00:00.0000 UTC,16.723360402425985,-22.135475335710375,2.0269426618914332
A.D. 2020-Jan-23 00:00:00.0000 UTC,16.771795668602447,-22.234397021987625,2.019151392519568
A.D. 2020-Jan-24 00:00:00.0000 UTC,16.82031971746016,-22.33020776564853,2.011337070625738
A.D. 2020-Jan-25 00:00:00.0000 UTC,16.86893025986545,-22.422883805935506,2.0035004831235614
A.D. 2020-Jan-26 00:00:00.0000 UTC,16.917625040284204,-22.512402299041113,1.9956424541661932
A.D. 2020-Jan-27 00:00:00.0000 UTC,16.96640184609101,-22.598741344020034,1.9877638318575874
A.D. 2020-Jan-28 00:00:00.0000 UTC,17.015258510409694,-22.681879984814195,1.9798654762016605
A.D. 2020-Jan-29 00:00:00.0000 UTC,17.06419291022974,-22.761798195156306,1.9719482492020615
A.D. 2020-Jan-30 00:00:00.0000 UTC,17.113202962179834,-22.838476854449507,1.9640130074913715
A.D. 2020-Jan-31 00:00:00.0000 UTC,17.162286618420737,-22.911897722245204,1.9560605972827705
A.D. 2020-Feb-01 00:00:00.0000 UTC,17.21144186470324,-22.982043417061192,1.9480918509323328
A.D. 2020-Feb-02 00:00:00.0000 UTC,17.26066672187218,-23.048897402616653,1.9401075840351707
A.D. 2020-Feb-03 00:00:00.0000 UTC,17.309959251077096,-23.112443981575936,1.9321085917541734
A.D. 2020-Feb-04 00:00:00.0000 UTC,17.3593175616388,-23.172668293783264,1.92409564299496
A.D. 2020-Feb-05 00:00:00.0000 UTC,17.40873981883217,-23.229556312669846,1.9160694711716133
A.D. 2020-Feb-06 00:00:00.0000 UTC,17.458224246786187,-23.283094830302794,1.9080307608397857
A.D. 2020-Feb-07 00:00:00.0000 UTC,17.507769119742278,-23.333271419427135,1.89998013068047
A.D. 2020-Feb-08 00:00:00.0000 UTC,17.557372734289277,-23.380074362170557,1.8919181153455706
A.D. 2020-Feb-09 00:00:00.0000 UTC,17.60703335782967,-23.423492542798662,1.8838451511362042
A.D. 2020-Feb-10 00:00:00.0000 UTC,17.656749155784027,-23.463515317004337,1.8757615720787446
A.D. 2020-Feb-11 00:00:00.0000 UTC,17.706518110376603,-23.500132387841536,1.8676676218437442
A.D. 2020-Feb-12 00:00:00.0000 UTC,17.756337951683868,-23.533333727455865,1.8595634822830798
A.D. 2020-Feb-13 00:00:00.0000 UTC,17.806206120520535,-23.563109574297055,1.8514493129880063
A.D. 2020-Feb-14 00:00:00.0000 UTC,17.856119771641,-23.58945050972487,1.8433252920766734
A.D. 2020-Feb-15 00:00:00.0000 UTC,17.90607581127979,-23.61234759110504,1.8351916490505942
A.D. 2020-Feb-16 00:00:00.0000 UTC,17.956070953922,-23.631792505892253,1.827048685040167
A.D. 2020-Feb-17 00:00:00.0000 UTC,18.00610178277751,-23.64777771582595,1.818896780774208
A.D. 2020-Feb-18 00:00:00.0000 UTC,18.056164803840275,-23.660296574007674,1.8107363955868543
A.D. 2020-Feb-19 00:00:00.0000 UTC,18.106256489771646,-23.669343410653934,1.802568061296508
A.D. 2020-Feb-20 00:00:00.0000 UTC,18.156373314150997,-23.674913590930206,1.794392373840513
A.D. 2020-Feb-21 00:00:00.0000 UTC,18.206511778338747,-23.677003550635146,1.7862099842494459
A.D. 2020-Feb-22 00:00:00.0000 UTC,18.25666843309266,-23.675610814835434,1.7780215895519331
A.D. 2020-Feb-23 00:00:00.0000 UTC,18.30683989621073,-23.670734002952756,1.7698279237037562
A.D. 2020-Feb-24 00:00:00.0000 UTC,18.357022866623254,-23.662372822520116,1.7616297485509027
A.D. 2020-Feb-25 00:00:00.0000 UTC,18.407214134925066,-23.650528053310754,1.7534278449738974
A.D. 2020-Feb-26 00:00:00.0000 UTC,18.457410590428065,-23.635201523609748,1.7452230045299766
A.D. 2020-Feb-27 00:00:00.0000 UTC,18.507609225276234,-23.61639608065124,1.737016021968932
A.D. 2020-Feb-28 00:00:00.0000 UTC,18.557807136735196,-23.59411555728224,1.728807688887923
A.D. 2020-Feb-29 00:00:00.0000 UTC,18.608001529182918,-23.56836473651669,1.7205987885260121
A.D. 2020-Mar-01 00:00:00.0000 UTC,18.658189717404326,-23.539149314818737,1.7123900913408179
A.D. 2020-Mar-02 00:00:00.0000 UTC,18.70836913243109,-23.506475863893233,1.7041823506260414
A.D. 2020-Mar-03 00:00:00.0000 UTC,18.75853733029542,-23.47035178976256,1.69597629708194
A.D. 2020-Mar-04 00:00:00.0000 UTC,18.80869200257772,-23.430785287354404,1.6877726310183134
A.D. 2020-Mar-05 00:00:00.0000 UTC,18.858830985411597,-23.387785289206285,1.6795720108976124
A.D. 2020-Mar-06 00:00:00.0000 UTC,18.908952260763343,-23.341361408815644,1.6713750374825822
A.D. 2020-Mar-07 00:00:00.0000 UTC,18.959053941070284,-23.291523883204345,1.6631822342902978
A.D. 2020-Mar-08 00:00:00.0000 UTC,19.009134227654975,-23.238283525118028,1.6549940275536428
A.D. 2020-Mar-09 00:00:00.0000 UTC,19.059191337647032,-23.181651700803624,1.6468107318817062
A.D. 2020-Mar-10 00:00:00.0000 UTC,19.109223405272054,-23.121640349956337,1.6386325494785348
A.D. 2020-Mar-11 00:00:00.0000 UTC,19.15922837824805,-23.058262055653163,1.6304595886755686
A.D. 2020-Mar-12 00:00:00.0000 UTC,19.20920393933925,-22.99153015477895,1.6222919009243446
A.D. 2020-Mar-13 00:00:00.0000 UTC,19.259147477562543,-22.921458862783734,1.6141295274402163
A.D. 2020-Mar-14 00:00:00.0000 UTC,19.309056114161507,-22.84806338203319,1.6059725427835225
A.D. 2020-Mar-15 00:00:00.0000 UTC,19.358926767911836,-22.771359973248103,1.5978210854269146
A.D. 2020-Mar-16 00:00:00.0000 UTC,19.408756235138416,-22.69136598617319,1.5896753721305659
A.D. 2020-Mar-17 00:00:00.0000 UTC,19.45854126383497,-22.608099858041054,1.5815356989234255
A.D. 2020-Mar-18 00:00:00.0000 UTC,19.50827861152495,-22.52158109228928,1.5734024340355433
A.D. 2020-Mar-19 00:00:00.0000 UTC,19.557965085641168,-22.431830227605417,1.5652760076690833
A.D. 2020-Mar-20 00:00:00.0000 UTC,19.60759757016584,-22.338868802877677,1.5571569017262197
A.D. 2020-Mar-21 00:00:00.0000 UTC,19.65717304353969,-22.24271931977768,1.5490456408608995
A.D. 2020-Mar-22 00:00:00.0000 UTC,19.706688592040358,-22.143405202467076,1.5409427850342763
A.D. 2020-Mar-23 00:00:00.0000 UTC,19.756141421300853,-22.040950753204065,1.5328489231636762
A.D. 2020-Mar-24 00:00:00.0000 UTC,19.805528867163627,-21.935381102960744,1.5247646673052015
A.D. 2020-Mar-25 00:00:00.0000 UTC,19.8548484060147,-21.82672215695938,1.516690646926453
A.D. 2020-Mar-26 00:00:00.0000 UTC,19.904097664227198,-21.715000535808876,1.5086275030546137
A.D. 2020-Mar-27 00:00:00.0000 UTC,19.953274426333735,-21.60024351327777,1.5005758823014403
A.D. 2020-Mar-28 00:00:00.0000 UTC,20.002376641919653,-21.482478951415523,1.4925364308805473
A.D. 2020-Mar-29 00:00:00.0000 UTC,20.05140243172716,-21.361735232857487,1.484509788687151
A.D. 2020-Mar-30 00:00:00.0000 UTC,20.100350093817493,-21.238041189047646,1.4764965833044477
A.D. 2020-Mar-31 00:00:00.0000 UTC,20.14921811057103,-21.111426022425825,1.4684974234757806
A.D. 2020-Apr-01 00:00:00.0000 UTC,20.19800515656373,-20.981919221197348,1.460512891222095
A.D. 2020-Apr-02 00:00:00.0000 UTC,20.246710105758044,-20.849550468111147,1.4525435315277146
A.D. 2020-Apr-03 00:00:00.0000 UTC,20.295332033894756,-20.714349550795596,1.4445898385756242
A.D. 2020-Apr-04 00:00:00.0000 UTC,20.343870208810205,-20.57634629098797,1.4366522382037972
A.D. 2020-Apr-05 00:00:00.0000 UTC,20.392324058837932,-20.435570521699344,1.4287310679071912
A.D. 2020-Apr-06 00:00:00.0000 UTC,20.440693110031557,-20.292052148901455,1.4208265583478779
A.D. 2020-Apr-07 00:00:00.0000 UTC,20.488976889824553,-20.145821327127525,1.4129388230819464
A.D. 2020-Apr-08 00:00:00.0000 UTC,20.537174808817014,-19.996908747292554,1.4050678639934753
A.D. 2020-Apr-09 00:00:00.0000 UTC,20.585286048183754,-19.845345985595667,1.3972135965119175
A.D. 2020-Apr-10 00:00:00.0000 UTC,20.633309486339364,-19.691165822247015,1.3893758912704803
A.D. 2020-Apr-11 00:00:00.0000 UTC,20.68124368675381,-19.53440244107516,1.381554621529581
A.D. 2020-Apr-12 00:00:00.0000 UTC,20.729086944553583,-19.37509147052454,1.373749703631618
A.D. 2020-Apr-13 00:00:00.0000 UTC,20.776837368770646,-19.213269889840785,1.3659611222115484
A.D. 2020-Apr-14 00:00:00.0000 UTC,20.824492971524162,-19.048975861584303,1.3581889390996065
A.D. 2020-Apr-15 00:00:00.0000 UTC,20.872051743496787,-18.882248551053127,1.3504332901430265
A.D. 2020-Apr-16 00:00:00.0000 UTC,20.919511707561114,-18.71312797008472,1.3426943757559116
A.D. 2020-Apr-17 00:00:00.0000 UTC,20.96687095192175,-18.541654857438463,1.3349724499178366
A.D. 2020-Apr-18 00:00:00.0000 UTC,21.014127648572163,-18.367870591203186,1.3272678103644957
A.D. 2020-Apr-19 00:00:00.0000 UTC,21.06128006349999,-18.19181712135099,1.3195807909929742
A.D. 2020-Apr-20 00:00:00.0000 UTC,21.1083265638361,-18.01353690957001,1.3119117563958298
A.D. 2020-Apr-21 00:00:00.0000 UTC,21.155265625356332,-17.833072865746,1.3042610978758282
A.D. 2020-Apr-22 00:00:00.0000 UTC,21.202095842044628,-17.65046827400106,1.2966292301066251
A.D. 2020-Apr-23 00:00:00.0000 UTC,21.24881593803282,-17.465766705056367,1.2890165876528221
A.D. 2020-Apr-24 00:00:00.0000 UTC,21.295424781249043,-17.27901191521397,1.2814236207536187
A.D. 2020-Apr-25 00:00:00.0000 UTC,21.341921397573476,-17.090247734889946,1.273850790031175
A.D. 2020-Apr-26 00:00:00.0000 UTC,21.38830498424084,-16.899517950881474,1.2662985600300458
A.D. 2020-Apr-27 00:00:00.0000 UTC,21.434574921540474,-16.706866186316674,1.258767391645193
A.D. 2020-Apr-28 00:00:00.0000 UTC,21.48073078229451,-16.51233578109687,1.2512577334926682
A.D. 2020-Apr-29 00:00:00.0000 UTC,21.526772338769643,-16.315969674930663,1.243770012114793
A.D. 2020-Apr-30 00:00:00.0000 UTC,21.57269956619571,-16.117810296651598,1.2363046206680122
A.D. 2020-May-01 00:00:00.0000 UTC,21.618512640635732,-15.917899469294241,1.2288619055859493
A.D. 2020-May-02 00:00:00.0000 UTC,21.664211926643134,-15.716278351280977,1.2214421508997977
A.D. 2020-May-03 00:00:00.0000 UTC,21.709797947633195,-15.51298744841529,1.2140455607229916
A.D. 2020-May-04 00:00:00.0000 UTC,21.755271330851848,-15.308066742763696,1.206672242034435
A.D. 2020-May-05 00:00:00.0000 UTC,21.800632721785938,-15.101555980695354,1.1993221920405286
A.D. 2020-May-06 00:00:00.0000 UTC,21.845882671866114,-14.89349512971915,1.191995295970376
A.D. 2020-May-07 00:00:00.0000 UTC,21.89102151699736,-14.683924950720389,1.1846913404238275
A.D. 2020-May-08 00:00:00.0000 UTC,21.936049275843136,-14.472887564150561,1.1774100432283219
A.D. 2020-May-09 00:00:00.0000 UTC,21.9809655963602,-14.260426862471478,1.1701510944459736
A.D. 2020-May-10 00:00:00.0000 UTC,22.025769763471704,-14.046588667373038,1.1629141984366287
A.D. 2020-May-11 00:00:00.0000 UTC,22.070460758355804,-13.8314206270741,1.155699107000037
A.D. 2020-May-12 00:00:00.0000 UTC,22.11503734440264,-13.614971935736888,1.1485056382872723
A.D. 2020-May-13 00:00:00.0000 UTC,22.159498153552722,-13.397292988315954,1.1413336819714812
A.D. 2020-May-14 00:00:00.0000 UTC,22.20384175589811,-13.178435061535978,1.134183194886614
A.D. 2020-May-15 00:00:00.0000 UTC,22.24806670689737,-12.958450066440653,1.1270541921356183
A.D. 2020-May-16 00:00:00.0000 UTC,22.292171574720292,-12.737390378341994,1.1199467375572498
A.D. 2020-May-17 00:00:00.0000 UTC,22.336154953915294,-12.515308726925985,1.1128609357732044
A.D. 2020-May-18 00:00:00.0000 UTC,22.38001547207771,-12.292258120757818,1.1057969266187768
A.D. 2020-May-19 00:00:00.0000 UTC,22.42375179511015,-12.068291780594723,1.098754881812609
A.D. 2020-May-20 00:00:00.0000 UTC,22.467362635093686,-11.843463060106957,1.0917350031741682
A.D. 2020-May-21 00:00:00.0000 UTC,22.510846763140528,-11.617825338619948,1.0847375214191723
A.D. 2020-May-22 00:00:00.0000 UTC,22.554203027962014,-11.391431877689397,1.077762694469592
A.D. 2020-May-23 00:00:00.0000 UTC,22.59743037932315,-11.164335641457477,1.0708108042835798
A.D. 2020-May-24 00:00:00.0000 UTC,22.64052789415197,-10.936589089113687,1.0638821514395584
A.D. 2020-May-25 00:00:00.0000 UTC,22.683494802099258,-10.708243954917469,1.0569770470753947
A.D. 2020-May-26 00:00:00.0000 UTC,22.726330507016705,-10.479351035463461,1.0500958022079478
A.D. 2020-May-27 00:00:00.0000 UTC,22.769034601151837,-10.249960004416609,1.0432387148177167
A.D. 2020-May-28 00:00:00.0000 UTC,22.811606869548726,-10.020119272904042,1.0364060552747816
A.D. 2020-May-29 00:00:00.0000 UTC,22.854047282624588,-9.789875911999937,1.0295980506998397
A.D. 2020-May-30 00:00:00.0000 UTC,22.896355974694504,-9.559275655418846,1.0228148688345031
A.D. 2020-May-31 00:00:00.0000 UTC,22.93853320537175,-9.328363006493088,1.0160566021786532
A.D. 2020-Jun-01 00:00:00.0000 UTC,22.980579300091463,-9.097181479906824,1.0093232537529855
A.D. 2020-Jun-02 00:00:00.0000 UTC,23.02249456711483,-8.86577400615036,1.0026147268500396
A.D. 2020-Jun-03 00:00:00.0000 UTC,23.064279192932034,-8.634183503567867,0.9959308221074116
A.D. 2020-Jun-04 00:00:00.0000 UTC,23.105933126217483,-8.402453574013157,0.9892712452976897
A.D. 2020-Jun-05 00:00:00.0000 UTC,23.147455969530043,-8.170629216440066,0.9826356275114535
A.D. 2020-Jun-06 00:00:00.0000 UTC,23.188846902073724,-7.938757411911541,0.9760235559214461
A.D. 2020-Jun-07 00:00:00.0000 UTC,23.23010465116589,-7.706887448915994,0.9694346095259265
A.D. 2020-Jun-08 00:00:00.0000 UTC,23.27122751554213,-7.475070934278242,0.962868392408302
A.D. 2020-Jun-09 00:00:00.0000 UTC,23.31221342772781,-7.243361534140619,0.9563245583423915
A.D. 2020-Jun-10 00:00:00.0000 UTC,23.35306003384985,-7.011814558197135,0.9498028241469879
A.D. 2020-Jun-11 00:00:00.0000 UTC,23.39376477035937,-6.780486511560625,0.9433029729098901
A.D. 2020-Jun-12 00:00:00.0000 UTC,23.434324924817048,-6.549434704238904,0.9368248504003618
A.D. 2020-Jun-13 00:00:00.0000 UTC,23.47473767674365,-6.3187169585442575,0.9303683583677368
A.D. 2020-Jun-14 00:00:00.0000 UTC,23.515000120932747,-6.088391413656654,0.923933447633016
A.D. 2020-Jun-15 00:00:00.0000 UTC,23.555109278839584,-5.85851640226012,0.9175201127187433
A.D. 2020-Jun-16 00:00:00.0000 UTC,23.59506210449318,-5.629150364141112,0.9111283887160739
A.D. 2020-Jun-17 00:00:00.0000 UTC,23.634855490940517,-5.400351760245229,0.9047583503014154
A.D. 2020-Jun-18 00:00:00.0000 UTC,23.6744862822209,-5.172178953873303,0.8984101122453623
A.D. 2020-Jun-19 00:00:00.0000 UTC,23.713951294459243,-4.9446900322228915,0.8920838303249944
A.D. 2020-Jun-20 00:00:00.0000 UTC,23.753247347743237,-4.717942552206333,0.8857797012332982
A.D. 2020-Jun-21 00:00:00.0000 UTC,23.792371307842345,-4.491993210664199,0.8794979599392794
A.D. 2020-Jun-22 00:00:00.0000 UTC,23.831320133666555,-4.266897460277715,0.8732388731142775
A.D. 2020-Jun-23 00:00:00.0000 UTC,23.87009092335684,-4.042709114752129,0.8670027278072553
A.D. 2020-Jun-24 00:00:00.0000 UTC,23.90868095005021,-3.819480003000927,0.8607898154911141
A.D. 2020-Jun-25 00:00:00.0000 UTC,23.94708767867993,-3.597259734769077,0.854600412675364
A.D. 2020-Jun-26 00:00:00.0000 UTC,23.98530875777185,-3.376095626857895,0.8484347601173189
A.D. 2020-Jun-27 00:00:00.0000 UTC,0.023341984092052886,-3.156032815005258,0.8422930429726612
A.D. 2020-Jun-28 00:00:00.0000 UTC,0.0611852416063471,-2.937114551760024,0.8361753739969436
A.D. 2020-Jun-29 00:00:00.0000 UTC,0.09883641843699613,-2.7193826735608115,0.8300817814219159
A.D. 2020-Jun-30 00:00:00.0000 UTC,0.13629330653435592,-2.502878210870257,0.8240122027327181
A.D. 2020-Jul-01 00:00:00.0000 UTC,0.17355348989111188,-2.287642106010574,0.8179664853931881
A.D. 2020-Jul-02 00:00:00.0000 UTC,0.21061422948922748,-2.0737159858080303,0.8119443953876119
A.D. 2020-Jul-03 00:00:00.0000 UTC,0.24747235663260564,-1.8611429100680343,0.8059456338441194
A.D. 2020-Jul-04 00:00:00.0000 UTC,0.2841241888669177,-1.6499679949625656,0.7999698607161662
A.D. 2020-Jul-05 00:00:00.0000 UTC,0.32056548146021396,-1.440238812605132,0.794016722783379
A.D. 2020-Jul-06 00:00:00.0000 UTC,0.3567914210161026,-1.2320055065767546,0.7880858818807257
A.D. 2020-Jul-07 00:00:00.0000 UTC,0.3927966579981597,-1.0253206288552317,0.7821770391093704
A.D. 2020-Jul-08 00:00:00.0000 UTC,0.42857536603756863,-0.8202387684505426,0.7762899520519576
A.D. 2020-Jul-09 00:00:00.0000 UTC,0.4641213117523702,-0.6168160777886755,0.7704244441218503
A.D. 2020-Jul-10 00:00:00.0000 UTC,0.4994279204007675,-0.4151097994937851,0.7645804071558553
A.D. 2020-Jul-11 00:00:00.0000 UTC,0.5344883280686622,-0.21517786436856368,0.7587577995210206
A.D. 2020-Jul-12 00:00:00.0000 UTC,0.5692954172999661,-0.017078590434354148,0.7529566422260267
A.D. 2020-Jul-13 00:00:00.0000 UTC,0.6038418380529746,0.17912952209097363,0.7471770150958496
A.D. 2020-Jul-14 00:00:00.0000 UTC,0.6381200189321943,0.3733879283246395,0.7414190543651785
A.D. 2020-Jul-15 00:00:00.0000 UTC,0.6721221751892564,0.5656381500914951,0.7356829523215553
A.D. 2020-Jul-16 00:00:00.0000 UTC,0.7058403205301568,0.7558219083409574,0.7299689589664061
A.D. 2020-Jul-17 00:00:00.0000 UTC,0.7392662896145161,0.9438813246021107,0.7242773850312343
A.D. 2020-Jul-18 00:00:00.0000 UTC,0.7723917770937947,1.129759233873632,0.7186086050407811
A.D. 2020-Jul-19 00:00:00.0000 UTC,0.8052083964483677,1.3133996349690964,0.7129630584884915
A.D. 2020-Jul-20 00:00:00.0000 UTC,0.8377077570788591,1.4947482721800303,0.7073412467684301
A.D. 2020-Jul-21 00:00:00.0000 UTC,0.8698815511148482,1.6737532938094637,0.7017437236367652
A.D. 2020-Jul-22 00:00:00.0000 UTC,0.9017216338770873,1.850365879339133,0.6961710780065338
A.D. 2020-Jul-23 00:00:00.0000 UTC,0.9332200773035177,2.0245406912169677,0.6906239098497147
A.D. 2020-Jul-24 00:00:00.0000 UTC,0.9643691775907488,2.1962360158917242,0.6851028023242085
A.D. 2020-Jul-25 00:00:00.0000 UTC,0.9951614078128671,2.36541352092091,0.6796082948963488
A.D. 2020-Jul-26 00:00:00.0000 UTC,1.0255893198884505,2.532037648625429,0.6741408622789572
A.D. 2020-Jul-27 00:00:00.0000 UTC,1.0556454116697496,2.6960747487844636,0.6687009024152817
A.D. 2020-Jul-28 00:00:00.0000 UTC,1.0853219794606161,2.857492089245666,0.6632887344148779
A.D. 2020-Jul-29 00:00:00.0000 UTC,1.1146109739011258,3.0162568713375477,0.6579046054307527
A.D. 2020-Jul-30 00:00:00.0000 UTC,1.143503871533769,3.1723353402377685,0.6525487045492767
A.D. 2020-Jul-31 00:00:00.0000 UTC,1.171991569406897,3.3256920461620485,0.6472211816860779
A.D. 2020-Aug-01 00:00:00.0000 UTC,1.200064307427033,3.4762892928972438,0.6419221696999681
A.D. 2020-Aug-02 00:00:00.0000 UTC,1.2277116220334585,3.624086801142067,0.6366518080186138
A.D. 2020-Aug-03 00:00:00.0000 UTC,1.2549223332485522,3.7690416028913063,0.6314102659444731
A.D. 2020-Aug-04 00:00:00.0000 UTC,1.2816845640439534,3.9111081612916805,0.6261977637163242
A.D. 2020-Aug-05 00:00:00.0000 UTC,1.307985786666812,4.0502386802520505,0.6210145896371538
A.D. 2020-Aug-06 00:00:00.0000 UTC,1.3338128866933103,4.186383540623049,0.6158611122550086
A.D. 2020-Aug-07 00:00:00.0000 UTC,1.3591522338429756,4.319491786811373,0.6107377875342637
A.D. 2020-Aug-08 00:00:00.0000 UTC,1.3839897496973246,4.449511594229098,0.6056451618590092
A.D. 2020-Aug-09 00:00:00.0000 UTC,1.4083109657765627,4.576390670126332,0.6005838722982363
A.D. 2020-Aug-10 00:00:00.0000 UTC,1.4321010697014065,4.700076569431866,0.5955546457340312
A.D. 2020-Aug-11 00:00:00.0000 UTC,1.4553449412424206,4.820516935240578,0.5905582982759171
A.D. 2020-Aug-12 00:00:00.0000 UTC,1.4780271833577094,4.937659696427948,0.5855957359881432
A.D. 2020-Aug-13 00:00:00.0000 UTC,1.5001321558240235,5.051453272035799,0.5806679574377768
A.D. 2020-Aug-14 00:00:00.0000 UTC,1.5216440208379154,5.161846844100076,0.5757760579530906
A.D. 2020-Aug-15 00:00:00.0000 UTC,1.542546810767948,5.268790765947204,0.5709212347247195
A.D. 2020-Aug-16 00:00:00.0000 UTC,1.5628245271447525,5.3722371655277446,0.5661047909588987
A.D. 2020-Aug-17 00:00:00.0000 UTC,1.5824612752388934,5.472140771849006,0.5613281363178754
A.D. 2020-Aug-18 00:00:00.0000 UTC,1.601441428485118,5.568459925725421,0.556592780252288
A.D. 2020-Aug-19 00:00:00.0000 UTC,1.6197498017966867,5.661157635499199,0.5519003152501707
A.D. 2020-Aug-20 00:00:00.0000 UTC,1.6373717972185096,5.750202435733436,0.5472523891904566
A.D. 2020-Aug-21 00:00:00.0000 UTC,1.6542934791215187,5.835568766307966,0.5426506698070707
A.D. 2020-Aug-22 00:00:00.0000 UTC,1.6705015484978256,5.917236671858342,0.5380968082272757
A.D. 2020-Aug-23 00:00:00.0000 UTC,1.6859832161557007,5.995190821980561,0.533592410211613
A.D. 2020-Aug-24 00:00:00.0000 UTC,1.700726008124551,6.069419074384811,0.5291390216327159
A.D. 2020-Aug-25 00:00:00.0000 UTC,1.7147175546174251,6.139910922052739,0.5247381299303843
A.D. 2020-Aug-26 00:00:00.0000 UTC,1.7279454088022592,6.2066561309648565,0.5203911785903222
A.D. 2020-Aug-27 00:00:00.0000 UTC,1.740396921423471,6.269643740475955,0.5160995893637944
A.D. 2020-Aug-28 00:00:00.0000 UTC,1.7520591762621414,6.328861458466859,0.5118647872232446
A.D. 2020-Aug-29 00:00:00.0000 UTC,1.76291897874779,6.384295399047091,0.5076882247214952
A.D. 2020-Aug-30 00:00:00.0000 UTC,1.7729628866908675,6.435930088096905,0.5035714041439233
A.D. 2020-Aug-31 00:00:00.0000 UTC,1.782177274218765,6.483748675788081,0.4995158969189355
A.D. 2020-Sep-01 00:00:00.0000 UTC,1.7905484232589644,6.527733316811398,0.49552336013900783
A.D. 2020-Sep-02 00:00:00.0000 UTC,1.7980626387287877,6.567865691349987,0.4915955500386458
A.D. 2020-Sep-03 00:00:00.0000 UTC,1.804706383427718,6.604127639320605,0.4877343322099435
A.D. 2020-Sep-04 00:00:00.0000 UTC,1.8104664273192559,6.636501872594876,0.48394168842196766
A.D. 2020-Sep-05 00:00:00.0000 UTC,1.8153300048152674,6.664972723572873,0.4802197201798678
A.D. 2020-Sep-06 00:00:00.0000 UTC,1.8192849738385617,6.689526890237149,0.47657064952341077
A.D. 2020-Sep-07 00:00:00.0000 UTC,1.8223199721856427,6.710154149730959,0.47299681787848236
A.D. 2020-Sep-08 00:00:00.0000 UTC,1.8244245697064287,6.726848032366992,0.46950068392797467
A.D. 2020-Sep-09 00:00:00.0000 UTC,1.8255894184459867,6.739606471697028,0.46608482140980495
A.D. 2020-Sep-10 00:00:00.0000 UTC,1.8258064065259236,6.748432469992623,0.46275191748287214
A.D. 2020-Sep-11 00:00:00.0000 UTC,1.8250688247530247,6.753334839360931,0.4595047718256756
A.D. 2020-Sep-12 00:00:00.0000 UTC,1.8233715571148963,6.7543290930701,0.45634629593107656
A.D. 2020-Sep-13 00:00:00.0000 UTC,1.8207113063114306,6.751438562093276,0.45327951109915304
A.D. 2020-Sep-14 00:00:00.0000 UTC,1.8170868609710769,6.744695783963544,0.4503075424709192
A.D. 2020-Sep-15 00:00:00.0000 UTC,1.8124993992360918,6.734144135283901,0.447433605393132
A.D. 2020-Sep-16 00:00:00.0000 UTC,1.8069528021368921,6.719839543676601,0.44466098022273803
A.D. 2020-Sep-17 00:00:00.0000 UTC,1.8004539235477277,6.701851944154707,0.44199297347813593
A.D. 2020-Sep-18 00:00:00.0000 UTC,1.7930127455330405,6.680266027870037,0.43943286768486695
A.D. 2020-Sep-19 00:00:00.0000 UTC,1.7846423589148446,6.655180898596585,0.4369838681965746
A.D. 2020-Sep-20 00:00:00.0000 UTC,1.7753587583975694,6.626708566381532,0.43464905922641356
A.D. 2020-Sep-21 00:00:00.0000 UTC,1.765180509621636,6.594971642539114,0.43243137968259887
A.D. 2020-Sep-22 00:00:00.0000 UTC,1.754128389917446,6.560100886234745,0.4303336221760999
A.D. 2020-Sep-23 00:00:00.0000 UTC,1.742225097307318,6.522233209520133,0.4283584502025572
A.D. 2020-Sep-24 00:00:00.0000 UTC,1.7294950750064833,6.481510446807512,0.4265084239745311
A.D. 2020-Sep-25 00:00:00.0000 UTC,1.7159644469220674,6.43807886366312,0.4247860260475883
A.D. 2020-Sep-26 00:00:00.0000 UTC,1.7016610297850774,6.392089187707826,0.4231936815237589
A.D. 2020-Sep-27 00:00:00.0000 UTC,1.6866143828447924,6.3436969132296195,0.42173377133853834
A.D. 2020-Sep-28 00:00:00.0000 UTC,1.670855865887246,6.293062693390776,0.42040863942778095
A.D. 2020-Sep-29 00:00:00.0000 UTC,1.6544186893544768,6.240352717072321,0.4192205953561524
A.D. 2020-Sep-30 00:00:00.0000 UTC,1.6373379502693008,6.185739031096721,0.41817191382637897
A.D. 2020-Oct-01 00:00:00.0000 UTC,1.6196506528398353,6.129399801892466,0.4172648319694212
A.D. 2020-Oct-02 00:00:00.0000 UTC,1.6013957138521675,6.071519518633619,0.4165015448256394
A.D. 2020-Oct-03 00:00:00.0000 UTC,1.5826139519678228,6.012289133240996,0.4158841991516867
A.D. 2020-Oct-04 00:00:00.0000 UTC,1.5633480585699056,5.951906122476773,0.41541488565993306
A.D. 2020-Oct-05 00:00:00.0000 UTC,1.5436425471911102,5.890574452412151,0.4150956299480097
A.D. 2020-Oct-06 00:00:00.0000 UTC,1.523543679488118,5.8285044304215665,0.41492838258630704
A.D. 2020-Oct-07 00:00:00.0000 UTC,1.5030993681841633,5.765912444808756,0.4149150089660465
A.D. 2020-Oct-08 00:00:00.0000 UTC,1.482359060784302,5.703020613729635,0.41505727946901066
A.D. 2020-Oct-09 00:00:00.0000 UTC,1.4613736112531537,5.640056387636122,0.41535686024142915
A.D. 2020-Oct-10 00:00:00.0000 UTC,1.4401951491220544,5.577252166080162,0.41581530431474667
A.D. 2020-Oct-11 00:00:00.0000 UTC,1.4188769552855434,5.514844991475846,0.41643404202445544
A.D. 2020-Oct-12 00:00:00.0000 UTC,1.397473349212118,5.453076356858773,0.41721436871670464
A.D. 2020-Oct-13 00:00:00.0000 UTC,1.3760395812795432,5.3921920961697145,0.41815742687650403
A.D. 2020-Oct-14 00:00:00.0000 UTC,1.3546317054534922,5.332442204238157,0.4192641796764517
A.D. 2020-Oct-15 00:00:00.0000 UTC,1.3333063852416487,5.274080278536626,0.42053537450072936
A.D. 2020-Oct-16 00:00:00.0000 UTC,1.3121205723368388,5.217362164478651,0.42197149903727466
A.D. 2020-Oct-17 00:00:00.0000 UTC,1.2911310125201902,5.162543455104105,0.4235727383867881
A.D. 2020-Oct-18 00:00:00.0000 UTC,1.270393589144302,5.109875839516076,0.42533894610980516
A.D. 2020-Oct-19 00:00:00.0000 UTC,1.2499625919340533,5.059602810489005,0.42726964083422153
A.D. 2020-Oct-20 00:00:00.0000 UTC,1.2298900479831087,5.011955608037855,0.4293640317058431
A.D. 2020-Oct-21 00:00:00.0000 UTC,1.2102252328178857,4.967150206384897,0.43162106521755395
A.D. 2020-Oct-22 00:00:00.0000 UTC,1.1910144050006313,4.925385694973872,0.4340394798070389
A.D. 2020-Oct-23 00:00:00.0000 UTC,1.172300730927535,4.886843893997191,0.43661785592582547
A.D. 2020-Oct-24 00:00:00.0000 UTC,1.1541243287454246,4.851689768744983,0.4393546551498139
A.D. 2020-Oct-25 00:00:00.0000 UTC,1.136522364292752,4.820072205232817,0.442248247709468
A.D. 2020-Oct-26 00:00:00.0000 UTC,1.1195291564566259,4.792124854877134,0.4452969310822356
A.D. 2020-Oct-27 00:00:00.0000 UTC,1.1031762742060276,4.767966916074566,0.4484989430490785
A.D. 2020-Oct-28 00:00:00.0000 UTC,1.0874926238923204,4.747703831434298,0.45185247196701656
A.D. 2020-Oct-29 00:00:00.0000 UTC,1.0725045327980367,4.7314279337445235,0.4553556659280128
A.D. 2020-Oct-30 00:00:00.0000 UTC,1.0582358361644344,4.719219087186257,0.45900664149671205
A.D. 2020-Oct-31 00:00:00.0000 UTC,1.044707972903818,4.71114536067114,0.4628034920369317
A.D. 2020-Nov-01 00:00:00.0000 UTC,1.0319400919861308,4.707263750866972,0.466744295277145
A.D. 2020-Nov-02 00:00:00.0000 UTC,1.0199491684625321,4.7076209527147785,0.4708271196882542
A.D. 2020-Nov-03 00:00:00.0000 UTC,1.0087501261366114,4.712254161331384,0.47505002937245966
A.D. 2020-Nov-04 00:00:00.0000 UTC,0.998355963449678,4.721191884725198,0.4794110873799211
A.D. 2020-Nov-05 00:00:00.0000 UTC,0.988777880125752,4.734454752109814,0.4839083575508107
A.D. 2020-Nov-06 00:00:00.0000 UTC,0.9800254039252231,4.75205631463151,0.4885399050063196
A.D. 2020-Nov-07 00:00:00.0000 UTC,0.9721065184915486,4.774003847949454,0.4933037952085273
A.D. 2020-Nov-08 00:00:00.0000 UTC,0.96502779357002,4.800299171390956,0.49819809107196733
A.D. 2020-Nov-09 00:00:00.0000 UTC,0.9587945166674596,4.83093948770269,0.5032208470277912
A.D. 2020-Nov-10 00:00:00.0000 UTC,0.9534108196115166,4.865918212733788,0.508370098436987
A.D. 2020-Nov-11 00:00:00.0000 UTC,0.9488797844494369,4.905225702198506,0.5136438447342564
A.D. 2020-Nov-12 00:00:00.0000 UTC,0.9452035029272622,4.948849703314493,0.5190400257579388
A.D. 2020-Nov-13 00:00:00.0000 UTC,0.9423830585741284,4.996775300711436,0.5245564934070855
A.D. 2020-Nov-14 00:00:00.0000 UTC,0.9404184099179477,5.048984157958106,0.5301909847971793
A.D. 2020-Nov-15 00:00:00.0000 UTC,0.9393081845281095,5.105453042182714,0.5359411065605322
A.D. 2020-Nov-16 00:00:00.0000 UTC,0.9390494386746554,5.166151933031861,0.5418043396363093
A.D. 2020-Nov-17 00:00:00.0000 UTC,0.9396374692414882,5.231042287334901,0.547778067885434
A.D. 2020-Nov-18 00:00:00.0000 UTC,0.9410657546976103,5.300076040861669,0.5538596245779314
A.D. 2020-Nov-19 00:00:00.0000 UTC,0.9433260508272527,5.373195631802488,0.5600463441652838
A.D. 2020-Nov-20 00:00:00.0000 UTC,0.9464086082383796,5.450334924898721,0.5663356068958232
A.D. 2020-Nov-21 00:00:00.0000 UTC,0.9503024477298265,5.531420655080767,0.5727248694279089
A.D. 2020-Nov-22 00:00:00.0000 UTC,0.9549956342100107,5.6163739870224125,0.5792116810667624
A.D. 2020-Nov-23 00:00:00.0000 UTC,0.9604755138623664,5.705111918940885,0.5857936892223848
A.D. 2020-Nov-24 00:00:00.0000 UTC,0.9667289036548397,5.797548418583987,0.5924686386639586
A.D. 2020-Nov-25 00:00:00.0000 UTC,0.9737422378719093,5.893595293382943,0.5992343683043367
A.D. 2020-Nov-26 00:00:00.0000 UTC,0.9815016828357783,5.993162852888384,0.6060888078439575
A.D. 2020-Nov-27 00:00:00.0000 UTC,0.9899932316107004,6.096160436286806,0.6130299753335648
A.D. 2020-Nov-28 00:00:00.0000 UTC,0.9992027883102944,6.2024968702792735,0.620055975791344
A.D. 2020-Nov-29 00:00:00.0000 UTC,1.0091162484763598,6.312080905537259,0.6271650004183508
A.D. 2020-Nov-30 00:00:00.0000 UTC,1.0197195787295685,6.424821659733086,0.6343553256368116
A.D. 2020-Dec-01 00:00:00.0000 UTC,1.0309988959381777,6.540629075110974,0.6416253110891951
A.D. 2020-Dec-02 00:00:00.0000 UTC,1.0429405438688422,6.659414381476106,0.6489733958548651
A.D. 2020-Dec-03 00:00:00.0000 UTC,1.0555311640215015,6.781090544246985,0.6563980924146556
A.D. 2020-Dec-04 00:00:00.0000 UTC,1.0687577572891376,6.90557267394614,0.6638979782231984
A.D. 2020-Dec-05 00:00:00.0000 UTC,1.0826077340149176,7.032778377865413,0.671471685000424
A.D. 2020-Dec-06 00:00:00.0000 UTC,1.097068951273736,7.1626280428630915,0.6791178859130368
A.D. 2020-Dec-07 00:00:00.0000 UTC,1.112129736813218,7.295045043743712,0.6868352806584533
A.D. 2020-Dec-08 00:00:00.0000 UTC,1.1277788981826284,7.429955867456615,0.6946225782035148
A.D. 2020-Dec-09 00:00:00.0000 UTC,1.1440057128715004,7.567290125395879,0.7024784768356557
A.D. 2020-Dec-10 00:00:00.0000 UTC,1.1607998915933966,7.7069803973933215,0.7104016416263197
A.D. 2020-Dec-11 00:00:00.0000 UTC,1.178151504540863,7.848961825748447,0.7183906807089997
A.D. 2020-Dec-12 00:00:00.0000 UTC,1.1960508632315916,7.993171382321997,0.7264441238966102
A.D. 2020-Dec-13 00:00:00.0000 UTC,1.2144883617518458,8.139546795349005,0.7345604092896726
A.D. 2020-Dec-14 00:00:00.0000 UTC,1.2334542997233031,8.288025249714138,0.7427378840030148
A.D. 2020-Dec-15 00:00:00.0000 UTC,1.2529387264700318,8.438542115037116,0.7509748224020043
A.D. 2020-Dec-16 00:00:00.0000 UTC,1.2729313484718372,8.591030015235823,0.759269459580649
A.D. 2020-Dec-17 00:00:00.0000 UTC,1.2934215237601823,8.745418464433317,0.7676200321429401
A.D. 2020-Dec-18 00:00:00.0000 UTC,1.3143983363287455,8.901634093713184,0.7760248162436338
A.D. 2020-Dec-19 00:00:00.0000 UTC,1.3358507191604352,9.059601302041655,0.7844821553897577
A.D. 2020-Dec-20 00:00:00.0000 UTC,1.357767588077372,9.219243082823168,0.7929904755161404
A.D. 2020-Dec-21 00:00:00.0000 UTC,1.3801379581798232,9.380481812994672,0.8015482891971331
A.D. 2020-Dec-22 00:00:00.0000 UTC,1.402951030003625,9.543239884735788,0.8101541929116486
A.D. 2020-Dec-23 00:00:00.0000 UTC,1.4261962451775985,9.707440149105558,0.8188068612684429
A.D. 2020-Dec-24 00:00:00.0000 UTC,1.4498633183183744,9.873006197654226,0.8275050410447704
A.D. 2020-Dec-25 00:00:00.0000 UTC,1.4739422540980727,10.03986253257067,0.8362475466486315
A.D. 2020-Dec-26 00:00:00.0000 UTC,1.498423357909168,10.207934679687492,0.8450332575784523
A.D. 2020-Dec-27 00:00:00.0000 UTC,1.5232972468894383,10.377149292162303,0.8538611176875484
A.D. 2020-Dec-28 00:00:00.0000 UTC,1.5485548659868043,10.547434281533947,0.8627301355007604
A.D. 2020-Dec-29 00:00:00.0000 UTC,1.5741875114035884,10.71871899877089,0.8716393844262647
A.D. 2020-Dec-30 00:00:00.0000 UTC,1.6001868611601617,10.890934470949821,0.8805880014751124
A.D. 2020-Dec-31 00:00:00.0000 UTC,1.6265450098259757,11.064013680192598,0.8895751831218924
A.D. 2021-Jan-01 00:00:00.0000 UTC,1.6532545021799592,11.237891853588673,0.8986001772847483
A.D. 2021-Jan-02 00:00:00.0000 UTC,1.6803083593865413,11.412506721103815,0.9076622710511066
A.D. 2021-Jan-03 00:00:00.0000 UTC,1.707700091717619,11.587798697399823,0.9167607745601719
A.D. 2021-Jan-04 00:00:00.0000 UTC,1.7354236937775185,11.763710953589646,0.9258950021092232
A.D. 2021-Jan-05 00:00:00.0000 UTC,1.763473620711441,11.94018936126363,0.9350642518630299
A.D. 2021-Jan-06 00:00:00.0000 UTC,1.7918447458147668,12.117182305497316,0.9442677855049214
A.D. 2021-Jan-07 00:00:00.0000 UTC,1.8205323006099656,12.294640369866263,0.9535048090051849
A.D. 2021-Jan-08 00:00:00.0000 UTC,1.8495317981890387,12.472515895376631,0.9627744557328274
A.D. 2021-Jan-09 00:00:00.0000 UTC,1.878838940822223,12.6507624149722,0.9720757735940844
A.D. 2021-Jan-10 00:00:00.0000 UTC,1.9084495151589298,12.82933397778487,0.981407718566743
A.D. 2021-Jan-11 00:00:00.0000 UTC,1.9383592833875531,13.008184409371545,0.9907691573006526
A.D. 2021-Jan-12 00:00:00.0000 UTC,1.9685638847721219,13.18726659798969,1.0001588805962969
A.D. 2021-Jan-13 00:00:00.0000 UTC,1.9990587651113452,13.366531927639668,1.009575627243004
A.D. 2021-Jan-14 00:00:00.0000 UTC,2.0298391480735627,13.545929967548414,1.0190181146265134
A.D. 2021-Jan-15 00:00:00.0000 UTC,2.06090005191985,13.725408467089212,1.0284850702965096
A.D. 2021-Jan-16 00:00:00.0000 UTC,2.0922363425594788,13.90491362055246,1.03797525866128
A.D. 2021-Jan-17 00:00:00.0000 UTC,2.123842805568611,14.084390500577097,1.047487499138298
A.D. 2021-Jan-18 00:00:00.0000 UTC,2.1557142190222907,14.263783540233677,1.0570206751318374
A.D. 2021-Jan-19 00:00:00.0000 UTC,2.1878454142430206,14.443036968316,1.0665737356364353
A.D. 2021-Jan-20 00:00:00.0000 UTC,2.220231318880165,14.622095146789565,1.0761456923611117
A.D. 2021-Jan-21 00:00:00.0000 UTC,2.252866982817017,14.800902800681673,1.085735615192235
A.D. 2021-Jan-22 00:00:00.0000 UTC,2.2857475910065377,14.979405158039617,1.0953426281095775
A.D. 2021-Jan-23 00:00:00.0000 UTC,2.3188684687800722,15.157548030856328,1.1049659068137603
A.D. 2021-Jan-24 00:00:00.0000 UTC,2.3522250852975906,15.335277871665266,1.1146046785406276
A.D. 2021-Jan-25 00:00:00.0000 UTC,2.3858130602709022,15.512541839158057,1.124258223854536
A.D. 2021-Jan-26 00:00:00.0000 UTC,2.4196281781026556,15.689287901554813,1.1339258795692384
A.D. 2021-Jan-27 00:00:00.0000 UTC,2.4536664120116405,15.865464997912728,1.1436070413125419
A.D. 2021-Jan-28 00:00:00.0000 UTC,2.487923958193432,16.04102326321271,1.153301163712927
A.D. 2021-Jan-29 00:00:00.0000 UTC,2.522397276619807,16.21591430208997,1.1630077559765688
A.D. 2021-Jan-30 00:00:00.0000 UTC,2.557083131271858,16.39009147159092,1.1727263710486142
A.D. 2021-Jan-31 00:00:00.0000 UTC,2.5919786199010515,16.56351011374829,1.182456587786207
A.D. 2021-Feb-01 00:00:00.0000 UTC,2.627081183505576,16.736127675022303,1.1921979873917579
A.D. 2021-Feb-02 00:00:00.0000 UTC,2.662388589342747,16.907903668009034,1.2019501270899478
A.D. 2021-Feb-03 00:00:00.0000 UTC,2.6978988873152496,17.078799466128903,1.211712514885982
A.D. 2021-Feb-04 00:00:00.0000 UTC,2.7336103453269898,17.248777958891722,1.221484588849815
A.D. 2021-Feb-05 00:00:00.0000 UTC,2.7695213723149332,17.417803118117593,1.2312657030762881
A.D. 2021-Feb-06 00:00:00.0000 UTC,2.8056304375782037,17.585839528669606,1.2410551210504868
A.D. 2021-Feb-07 00:00:00.0000 UTC,2.8419359930887085,17.752851927315472,1.2508520162275558
A.D. 2021-Feb-08 00:00:00.0000 UTC,2.878436403603962,17.918804781727953,1.2606554793163336
A.D. 2021-Feb-09 00:00:00.0000 UTC,2.91512988869281,18.083661935921647,1.2704645316768863
A.D. 2021-Feb-10 00:00:00.0000 UTC,2.9520144809007425,18.2473863480463,1.2802781439442927
A.D. 2021-Feb-11 00:00:00.0000 UTC,2.989088003951552,18.409939944651224,1.2900952582929315
A.D. 2021-Feb-12 00:00:00.0000 UTC,3.0263480729681684,18.571283605362893,1.2999148119110353
A.D. 2021-Feb-13 00:00:00.0000 UTC,3.0637921151801426,18.731377272312024,1.3097357587919183
A.D. 2021-Feb-14 00:00:00.0000 UTC,3.1014174057387076,18.890180156104044,1.3195570872774645
A.D. 2021-Feb-15 00:00:00.0000 UTC,3.1392211107989882,19.047650994433855,1.3293778318860847
A.D. 2021-Feb-16 00:00:00.0000 UTC,3.1772003299403524,19.20374831691758,1.339197079375959
A.D. 2021-Feb-17 00:00:00.0000 UTC,3.215352132009649,19.35843067962088,1.3490139701868968
A.D. 2021-Feb-18 00:00:00.0000 UTC,3.253673581477459,19.511656849186668,1.3588276970437034
A.D. 2021-Feb-19 00:00:00.0000 UTC,3.292161755263808,19.663385932847888,1.3686375025794177
A.D. 2021-Feb-20 00:00:00.0000 UTC,3.3308137521030967,19.813577463047086,1.3784426775313263
A.D. 2021-Feb-21 00:00:00.0000 UTC,3.3696266978166363,19.962191453123534,1.3882425605765416
A.D. 2021-Feb-22 00:00:00.0000 UTC,3.408597750563692,20.109188444624177,1.39803654031522
A.D. 2021-Feb-23 00:00:00.0000 UTC,3.44772411043958,20.25452956841399,1.4078240592755673
A.D. 2021-Feb-24 00:00:00.0000 UTC,3.4870030376144436,20.39817664090712,1.41760461904203
A.D. 2021-Feb-25 00:00:00.0000 UTC,3.5264318821493346,20.540092311714236,1.427377784669431
A.D. 2021-Feb-26 00:00:00.0000 UTC,3.5660081260459835,20.680240266878027,1.4371431855885985
A.D. 2021-Feb-27 00:00:00.0000 UTC,3.605729433598186,20.81858547072656,1.4469005096758807
A.D. 2021-Feb-28 00:00:00.0000 UTC,3.6455937004217,20.955094402273737,1.4566494877361134
A.D. 2021-Mar-01 00:00:00.0000 UTC,3.6855990870827253,21.089735220300796,1.4663898678481133
A.D. 2021-Mar-02 00:00:00.0000 UTC,3.725744023472061,21.22247779117061,1.4761213824863544
A.D. 2021-Mar-03 00:00:00.0000 UTC,3.766027176856087,21.35329354454784,1.4858437145171062
A.D. 2021-Mar-04 00:00:00.0000 UTC,3.8064473875864704,21.482155174481033,1.4955564691448826
A.D. 2021-Mar-05 00:00:00.0000 UTC,3.8470035860172755,21.60903624973988,1.5052591569179217
A.D. 2021-Mar-06 00:00:00.0000 UTC,3.887694707357395,21.733910813980913,1.514951189187358
A.D. 2021-Mar-07 00:00:00.0000 UTC,3.9285196176197474,21.856753040482246,1.5246318840814288
A.D. 2021-Mar-08 00:00:00.0000 UTC,3.9694770571120976,21.97753697429259,1.534300479492429
A.D. 2021-Mar-09 00:00:00.0000 UTC,4.0105656021012805,22.096236366051027,1.5439561497511662
A.D. 2021-Mar-10 00:00:00.0000 UTC,4.051783642302188,22.21282458615723,1.5535980236913591
A.D. 2021-Mar-11 00:00:00.0000 UTC,4.093129371366857,22.327274604413297,1.5632252027999791
A.D. 2021-Mar-12 00:00:00.0000 UTC,4.134600788226857,22.439559022668934,1.5728367786826345
A.D. 2021-Mar-13 00:00:00.0000 UTC,4.176195707740378,22.5496501507068,1.5824318491708949
A.D. 2021-Mar-14 00:00:00.0000 UTC,4.217911779040771,22.657520115865882,1.5920095323255117
A.D. 2021-Mar-15 00:00:00.0000 UTC,4.259746509378959,22.763140995010712,1.60156897762264
A.D. 2021-Mar-16 00:00:00.0000 UTC,4.301697290593029,22.866484955413007,1.6111093738868822
A.D. 2021-Mar-17 00:00:00.0000 UTC,4.343761425124811,22.9675243909297,1.6206299540125189
A.D. 2021-Mar-18 00:00:00.0000 UTC,4.385936148958283,23.066232042349874,1.6301299970342291
A.D. 2021-Mar-19 00:00:00.0000 UTC,4.428218649872025,23.162581095375028,1.6396088285070143
A.D. 2021-Mar-20 00:00:00.0000 UTC,4.470606080689432,23.25654525509558,1.6490658203422512
A.D. 2021-Mar-21 00:00:00.0000 UTC,4.513095568506092,23.348098800843317,1.6585003912170297
A.D. 2021-Mar-22 00:00:00.0000 UTC,4.555684222034778,23.43721662932409,1.6679120084593857
A.D. 2021-Mar-23 00:00:00.0000 UTC,4.598369140205871,23.5238742968468,1.6773001919237764
A.D. 2021-Mar-24 00:00:00.0000 UTC,4.641147425943877,23.608048073167545,1.6866645197633103
A.D. 2021-Mar-25 00:00:00.0000 UTC,4.684016209347916,23.689715019270654,1.69600463509127
A.D. 2021-Mar-26 00:00:00.0000 UTC,4.726972683699779,23.768853097578,1.7053202512743242
A.D. 2021-Mar-27 00:00:00.0000 UTC,4.77001415485377,23.845441313156407,1.7146111522395575
A.D. 2021-Mar-28 00:00:00.0000 UTC,4.813138098964968,23.91945986725474,1.7238771834135334
A.D. 2021-Mar-29 00:00:00.0000 UTC,4.856342216115957,23.99089028374331,1.7331182298903987
A.D. 2021-Mar-30 00:00:00.0000 UTC,4.899624461895801,24.05971545633396,1.7423341819919682
A.D. 2021-Mar-31 00:00:00.0000 UTC,4.942983040667769,24.125919574701157,1.7515248937592804
A.D. 2021-Apr-01 00:00:00.0000 UTC,4.986416355486882,24.18948792508093,1.7606901441802485
A.D. 2021-Apr-02 00:00:00.0000 UTC,5.029922925546115,24.250406608296544,1.769829610892929
A.D. 2021-Apr-03 00:00:00.0000 UTC,5.07350129296053,24.308662246259672,1.778942861303369
A.D. 2021-Apr-04 00:00:00.0000 UTC,5.11714994046918,24.364241741153993,1.788029359647127
A.D. 2021-Apr-05 00:00:00.0000 UTC,5.160867232572378,24.417132120036996,1.7970884842985468
A.D. 2021-Apr-06 00:00:00.0000 UTC,5.2046513819373095,24.4673204644028,1.806119549001587
A.D. 2021-Apr-07 00:00:00.0000 UTC,5.2485004360496905,24.51479390478236,1.8151218235167412
A.D. 2021-Apr-08 00:00:00.0000 UTC,5.2924122771176405,24.559539656285203,1.824094551568545
A.D. 2021-Apr-09 00:00:00.0000 UTC,5.336384629418735,24.60154507585859,1.8330369657388816
A.D. 2021-Apr-10 00:00:00.0000 UTC,5.380415070504044,24.64079772931103,1.8419482997891006
A.D. 2021-Apr-11 00:00:00.0000 UTC,5.424501044581122,24.677285461981228,1.85082779902847
A.D. 2021-Apr-12 00:00:00.0000 UTC,5.468639877486292,24.710996470181243,1.8596747291274798
A.D. 2021-Apr-13 00:00:00.0000 UTC,5.512828792955698,24.74191937160246,1.86848838349586
A.D. 2021-Apr-14 00:00:00.0000 UTC,5.557064929707953,24.770043272742537,1.8772680891869247
A.D. 2021-Apr-15 00:00:00.0000 UTC,5.601345358518889,24.79535783108449,1.886013211316853
A.D. 2021-Apr-16 00:00:00.0000 UTC,5.645667098301632,24.817853309902418,1.89472315617024
A.D. 2021-Apr-17 00:00:00.0000 UTC,5.690027130368729,24.837520624400675,1.9033973734157084
A.D. 2021-Apr-18 00:00:00.0000 UTC,5.734422410570499,24.854351379256045,1.912035358079237
A.D. 2021-Apr-19 00:00:00.0000 UTC,5.778849879805093,24.86833789917221,1.9206366530369323
A.D. 2021-Apr-20 00:00:00.0000 UTC,5.823306474379406,24.87947325539732,1.9292008527314932
A.D. 2021-Apr-21 00:00:00.0000 UTC,5.867789138751912,24.887751291960516,1.9377276085224382
A.D. 2021-Apr-22 00:00:00.0000 UTC,5.91229484411756,24.893166655278538,1.9462166354573447
A.D. 2021-Apr-23 00:00:00.0000 UTC,5.95682061667944,24.895714829226822,1.954667719198724
A.D. 2021-Apr-24 00:00:00.0000 UTC,6.001363578488388,24.89539217407567,1.9630807203653329
A.D. 2021-Apr-25 00:00:00.0000 UTC,6.04592100033583,24.89219596153392,1.971455572015059
A.D. 2021-Apr-26 00:00:00.0000 UTC,6.090490359788519,24.88612439076965,1.9797922654079794
A.D. 2021-Apr-27 00:00:00.0000 UTC,6.135069389612643,24.877176565823152,1.9880908210150547
A.D. 2021-Apr-28 00:00:00.0000 UTC,6.179656097369866,24.86535241945663,1.996351246766595
A.D. 2021-Apr-29 00:00:00.0000 UTC,6.224248741795225,24.85065258522166,2.0045734921009055
A.D. 2021-Apr-30 00:00:00.0000 UTC,6.268845766590065,24.833078241857642,2.01275741022695
A.D. 2021-May-01 00:00:00.0000 UTC,6.313445709435265,24.812630967633467,2.0209027386184837
A.D. 2021-May-02 00:00:00.0000 UTC,6.358047111940748,24.789312636993834,2.0290091002255677
A.D. 2021-May-03 00:00:00.0000 UTC,6.402648450808717,24.76312537246076,2.0370760203422518
A.D. 2021-May-04 00:00:00.0000 UTC,6.447248097796798,24.73407154498303,2.045102950756028
A.D. 2021-May-05 00:00:00.0000 UTC,6.491844305023197,24.702153805786807,2.053089293972221
A.D. 2021-May-06 00:00:00.0000 UTC,6.5364352071096095,24.667375132776595,2.0610344235259657
A.D. 2021-May-07 00:00:00.0000 UTC,6.581018831783494,24.629738879774532,2.068937699352865
A.D. 2021-May-08 00:00:00.0000 UTC,6.625593113108286,24.589248822677337,2.076798478934358
A.D. 2021-May-09 00:00:00.0000 UTC,6.670155904318197,24.545909200695615,2.084616125549613
A.D. 2021-May-10 00:00:00.0000 UTC,6.714704989325474,24.499724752898516,2.09239001488783
A.D. 2021-May-11 00:00:00.0000 UTC,6.75923809315828,24.450700750853105,2.10011954089454
A.D. 2021-May-12 00:00:00.0000 UTC,6.803752892026898,24.39884302790324,2.107804121294664
A.D. 2021-May-13 00:00:00.0000 UTC,6.8482470236448325,24.344158005137775,2.1154432028939594
A.D. 2021-May-14 00:00:00.0000 UTC,6.892718098095566,24.28665271372605,2.1230362665788527
A.D. 2021-May-15 00:00:00.0000 UTC,6.937163709170488,24.226334813218052,2.1305828319272475
A.D. 2021-May-16 00:00:00.0000 UTC,6.98158144590754,24.163212605590502,2.1380824614760416
A.D. 2021-May-17 00:00:00.0000 UTC,7.025968904166618,24.09729504507768,2.145534764888746
A.D. 2021-May-18 00:00:00.0000 UTC,7.070323698531136,24.0285917438679,2.1529394034261644
A.D. 2021-May-19 00:00:00.0000 UTC,7.114643475575103,23.957112973258347,2.1602960951301577
A.D. 2021-May-20 00:00:00.0000 UTC,7.158925930433342,23.88286965861046,2.1676046208630417
A.D. 2021-May-21 00:00:00.0000 UTC,7.203168829360245,23.8058733643786,2.1748648306838603
A.D. 2021-May-22 00:00:00.0000 UTC,7.24737004101784,23.72613626295713,2.1820766489182812
A.D. 2021-May-23 00:00:00.0000 UTC,7.291527577771995,23.64367107929212,2.189240074815694
A.D. 2021-May-24 00:00:00.0000 UTC,7.335639644444767,23.55849100435425,2.196355174460134
A.D. 2021-May-25 00:00:00.0000 UTC,7.379704685827299,23.470609577313052,2.2034220597933047
A.D. 2021-May-26 00:00:00.0000 UTC,7.423721418175692,23.380040549293607,2.210440853552211
A.D. 2021-May-27 00:00:00.0000 UTC,7.467688828776002,23.286797756131005,2.21741164468678
A.D. 2021-May-28 00:00:00.0000 UTC,7.511606135657888,23.190895033332453,2.224334444745097
A.D. 2021-May-29 00:00:00.0000 UTC,7.55547271466857,23.092346195487313,2.23120915738035
A.D. 2021-May-30 00:00:00.0000 UTC,7.599288014229436,22.991165078610504,2.238035568375626
A.D. 2021-May-31 00:00:00.0000 UTC,7.643051480419947,22.887365622384117,2.244813355292529
A.D. 2021-Jun-01 00:00:00.0000 UTC,7.686762506462523,22.780961962401562,2.2515421094829424
A.D. 2021-Jun-02 00:00:00.0000 UTC,7.730420408694878,22.67196851012199,2.258221361759759
A.D. 2021-Jun-03 00:00:00.0000 UTC,7.774024422856738,22.56040001127454,2.2648506054434963
A.D. 2021-Jun-04 00:00:00.0000 UTC,7.81757371200211,22.446271583774696,2.2714293140252315
A.D. 2021-Jun-05 00:00:00.0000 UTC,7.861067378736488,22.32959874116547,2.2779569533766275
A.D. 2021-Jun-06 00:00:00.0000 UTC,7.904504477209279,22.210397408274083,2.284432989802547
A.D. 2021-Jun-07 00:00:00.0000 UTC,7.947884022794807,22.088683934270037,2.2908568955851747
A.D. 2021-Jun-08 00:00:00.0000 UTC,7.991204999142376,21.96447510613334,2.2972281534757193
A.D. 2021-Jun-09 00:00:00.0000 UTC,8.034466363287683,21.837788163451478,2.3035462611800614
A.D. 2021-Jun-10 00:00:00.0000 UTC,8.07766704996689,21.708640813778242,2.309810736432055
A.D. 2021-Jun-11 00:00:00.0000 UTC,8.120805976319934,21.57705124665995,2.316021122837741
A.D. 2021-Jun-12 00:00:00.0000 UTC,8.163882047936422,21.443038143943692,2.3221769963591217
A.D. 2021-Jun-13 00:00:00.0000 UTC,8.20689416681501,21.306620684094273,2.3282779721288076
A.D. 2021-Jun-14 00:00:00.0000 UTC,8.249841241431438,21.167818538746396,2.3343237112640463
A.D. 2021-Jun-15 00:00:00.0000 UTC,8.292722198904029,21.02665186017891,2.3403139274518727
A.D. 2021-Jun-16 00:00:00.0000 UTC,8.335535999335837,20.883141258349863,2.3462483932123104
A.D. 2021-Jun-17 00:00:00.0000 UTC,8.378281652801318,20.737307765145033,2.352126945779281
A.D. 2021-Jun-18 00:00:00.0000 UTC,8.42095823997904,20.58917278156618,2.357949492312457
A.D. 2021-Jun-19 00:00:00.0000 UTC,8.463564937758925,20.43875800139338,2.363716013551242
A.D. 2021-Jun-20 00:00:00.0000 UTC,8.50610105072236,20.28608530401111,2.3694265640609777
A.D. 2021-Jun-21 00:00:00.0000 UTC,8.548566047580543,20.13117661215584,2.375081266195075
A.D. 2021-Jun-22 00:00:00.0000 UTC,8.590959598189647,19.97405372002994,2.380680294501531
A.D. 2021-Jun-23 00:00:00.0000 UTC,8.633281602451163,19.814738113613693,2.386223848549933
A.D. 2021-Jun-24 00:00:00.0000 UTC,8.67553219976063,19.653250822216016,2.39171211566943
A.D. 2021-Jun-25 00:00:00.0000 UTC,8.717711749997541,19.48961234604774,2.397145229981272
A.D. 2021-Jun-26 00:00:00.0000 UTC,8.75982078552368,19.323842688196148,2.402523237572216
A.D. 2021-Jun-27 00:00:00.0000 UTC,8.801859944595796,19.1559614841906,2.407846076730657
A.D. 2021-Jun-28 00:00:00.0000 UTC,8.84382990321467,18.98598818824305,2.413113576703023
A.D. 2021-Jun-29 00:00:00.0000 UTC,8.885731320678987,18.813942262855534,2.4183254717614324
A.D. 2021-Jun-30 00:00:00.0000 UTC,8.92756480619545,18.639843331299257,2.4234814234111037
A.D. 2021-Jul-01 00:00:00.0000 UTC,8.969330905483588,18.463711277100327,2.4285810435875788
A.D. 2021-Jul-02 00:00:00.0000 UTC,9.011030101428274,18.285566295553615,2.433623914237973
A.D. 2021-Jul-03 00:00:00.0000 UTC,9.052662821936682,18.105428912567994,2.438609601605974
A.D. 2021-Jul-04 00:00:00.0000 UTC,9.094229449624725,17.923319987281022,2.4435376656031855
A.D. 2021-Jul-05 00:00:00.0000 UTC,9.135730330091866,17.739260711310735,2.4484076656450946
A.D. 2021-Jul-06 00:00:00.0000 UTC,9.177165777398788,17.553272612651668,2.453219164575546
A.D. 2021-Jul-07 00:00:00.0000 UTC,9.218536076692672,17.36537756773771,2.4579717321515058
A.D. 2021-Jul-08 00:00:00.0000 UTC,9.259841484791757,17.175597821444097,2.462664949238036
A.D. 2021-Jul-09 00:00:00.0000 UTC,9.301082230066749,16.983956011745477,2.467298413464097
A.D. 2021-Jul-10 00:00:00.0000 UTC,9.342258513203895,16.790475193423852,2.471871746640114
A.D. 2021-Jul-11 00:00:00.0000 UTC,9.383370510398736,16.595178853854826,2.476384603768467
A.D. 2021-Jul-12 00:00:00.0000 UTC,9.424418380202715,16.398090913803006,2.480836683051799
A.D. 2021-Jul-13 00:00:00.0000 UTC,9.465402274690197,16.199235707425746,2.485227736007672
A.D. 2021-Jul-14 00:00:00.0000 UTC,9.50632235498557,15.998637937863162,2.489557576703925
A.D. 2021-Jul-15 00:00:00.0000 UTC,9.547178810705153,15.796322607028706,2.4938260892186905
A.D. 2021-Jul-16 00:00:00.0000 UTC,9.587971882665647,15.592314919574157,2.498033232588214
A.D. 2021-Jul-17 00:00:00.0000 UTC,9.628701888243281,15.38664016127171,2.50217904255163
A.D. 2021-Jul-18 00:00:00.0000 UTC,9.669369248746772,15.179323552165599,2.5062636292092173
A.D. 2021-Jul-19 00:00:00.0000 UTC,9.709974517668424,14.97039007690315,2.5102871693286883
A.D. 2021-Jul-20 00:00:00.0000 UTC,9.75051840737672,14.759864300894408,2.5142498917986558
A.D. 2021-Jul-21 00:00:00.0000 UTC,9.791001809883623,14.547770192018314,2.5181520551856287
A.D. 2021-Jul-22 00:00:00.0000 UTC,9.831425805712277,14.33413098003679,2.521993917998199
A.D. 2021-Jul-23 00:00:00.0000 UTC,9.871791655197029,14.118969091623345,2.5257757049830976
A.D. 2021-Jul-24 00:00:00.0000 UTC,9.912100769966822,13.902306189109217,2.5294975754275035
A.D. 2021-Jul-25 00:00:00.0000 UTC,9.952354668235849,13.684163314204747,2.5331596002347516
A.D. 2021-Jul-26 00:00:00.0000 UTC,9.992554922988495,13.464561105282609,2.5367617524007704
A.D. 2021-Jul-27 00:00:00.0000 UTC,10.032703113986235,13.243520036249343,2.540303911283966
A.D. 2021-Jul-28 00:00:00.0000 UTC,10.072800791824893,13.021060627185411,2.543785877034074
A.D. 2021-Jul-29 00:00:00.0000 UTC,10.112849457038148,12.797203597194214,2.5472073896676695
A.D. 2021-Jul-30 00:00:00.0000 UTC,10.152850552467255,12.571969954469555,2.550568147829684
A.D. 2021-Jul-31 00:00:00.0000 UTC,10.19280546456865,12.345381036099981,2.5538678241946036
A.D. 2021-Aug-01 00:00:00.0000 UTC,10.232715529011193,12.117458517196,2.5571060764855575
A.D. 2021-Aug-02 00:00:00.0000 UTC,10.272582036890219,11.888224408131176,2.5602825545367653
A.D. 2021-Aug-03 00:00:00.0000 UTC,10.312406239250738,11.657701054175488,2.5633969045849505
A.D. 2021-Aug-04 00:00:00.0000 UTC,10.352189348861335,11.425911146387284,2.5664487722489095
A.D. 2021-Aug-05 00:00:00.0000 UTC,10.391932539190217,11.192877747451105,2.5694378056569356
A.D. 2021-Aug-06 00:00:00.0000 UTC,10.431636941362703,10.958624331231288,2.572363660026227
A.D. 2021-Aug-07 00:00:00.0000 UTC,10.47130364059104,10.723174829902309,2.575226004697926
A.D. 2021-Aug-08 00:00:00.0000 UTC,10.510933674136329,10.486553677768786,2.57802453313769
A.D. 2021-Aug-09 00:00:00.0000 UTC,10.550528033137333,10.248785837230761,2.580758975693896
A.D. 2021-Aug-10 00:00:00.0000 UTC,10.59008767040413,10.009896791351418,2.5834291140385166
A.D. 2021-Aug-11 00:00:00.0000 UTC,10.629613515390618,9.769912490576084,2.5860347954198213
A.D. 2021-Aug-12 00:00:00.0000 UTC,10.669106496152166,9.52885924844624,2.5885759444320566
A.D. 2021-Aug-13 00:00:00.0000 UTC,10.708567566588666,9.286763590685196,2.5910525701714997
A.D. 2021-Aug-14 00:00:00.0000 UTC,10.747997736212723,9.043652070443887,2.5934647673548366
A.D. 2021-Aug-15 00:00:00.0000 UTC,10.787398099389051,8.799551067039978,2.5958127109041738
A.D. 2021-Aug-16 00:00:00.0000 UTC,10.826769861337466,8.554486585910762,2.598096644266816
A.D. 2021-Aug-17 00:00:00.0000 UTC,10.866114358716024,8.3084840760046,2.6003168621500983
A.D. 2021-Aug-18 00:00:00.0000 UTC,10.905433072875136,8.061568280273304,2.6024736885654143
A.D. 2021-Aug-19 00:00:00.0000 UTC,10.94472763387478,7.813763136137352,2.604567451441427
A.D. 2021-Aug-20 00:00:00.0000 UTC,10.98399981354876,7.565091743398905,2.606598455811808
A.D. 2021-Aug-21 00:00:00.0000 UTC,11.023251506906298,7.315576412664803,2.6085669585468527
A.D. 2021-Aug-22 00:00:00.0000 UTC,11.062484703214587,7.065238795103471,2.610473148177712
A.D. 2021-Aug-23 00:00:00.0000 UTC,11.101701450616977,6.814100076581052,2.6123171328953076
A.D. 2021-Aug-24 00:00:00.0000 UTC,11.140903819895616,6.5621812034303915,2.614098938127788
A.D. 2021-Aug-25 00:00:00.0000 UTC,11.180093872966518,6.309503101412763,2.615818512810601
A.D. 2021-Aug-26 00:00:00.0000 UTC,11.219273639856027,6.056086856571327,2.617475741586562
A.D. 2021-Aug-27 00:00:00.0000 UTC,11.258445105199646,5.801953842333754,2.6190704594348126
A.D. 2021-Aug-28 00:00:00.0000 UTC,11.297610202925277,5.547125793704954,2.620602465672275
A.D. 2021-Aug-29 00:00:00.0000 UTC,11.33677081644567,5.291624840870675,2.6220715354013557
A.D. 2021-Aug-30 00:00:00.0000 UTC,11.375928781419926,5.035473519348592,2.623477427708889
A.D. 2021-Aug-31 00:00:00.0000 UTC,11.415085888580498,4.778694773458797,2.624819890894111
A.D. 2021-Sep-01 00:00:00.0000 UTC,11.454243884853831,4.521311966700761,2.62609866563805
A.D. 2021-Sep-02 00:00:00.0000 UTC,11.493404471793289,4.263348908292264,2.6273134873960973
A.D. 2021-Sep-03 00:00:00.0000 UTC,11.532569301143907,4.00482990013503,2.6284640895010734
A.D. 2021-Sep-04 00:00:00.0000 UTC,11.571739968235466,3.745779802455141,2.62955020852901
A.D. 2021-Sep-05 00:00:00.0000 UTC,11.610918004908884,3.4862241087995156,2.6305715933230243
A.D. 2021-Sep-06 00:00:00.0000 UTC,11.650104874734431,3.226189012304294,2.63152801851174
A.D. 2021-Sep-07 00:00:00.0000 UTC,11.689301974031121,2.9657014373985104,2.632419302245557
A.D. 2021-Sep-08 00:00:00.0000 UTC,11.728510642066926,2.7047890087047155,2.63324532626518
A.D. 2021-Sep-09 00:00:00.0000 UTC,11.767732182291118,2.443479936553575,2.634006054785153
A.D. 2021-Sep-10 00:00:00.0000 UTC,11.806967893593923,2.1818028174491473,2.6347015478418183
A.D. 2021-Sep-11 00:00:00.0000 UTC,11.84621910739665,1.9197863723128268,2.6353319654356224
A.D. 2021-Sep-12 00:00:00.0000 UTC,11.88548722437948,1.6574591642837109,2.6358975609582296
A.D. 2021-Sep-13 00:00:00.0000 UTC,11.924773744878701,1.3948493419182877,2.6363986650738367
A.D. 2021-Sep-14 00:00:00.0000 UTC,11.964080289139535,1.13198444227401,2.6368356631613286
A.D. 2021-Sep-15 00:00:00.0000 UTC,12.003408606361662,0.8688912697493149,2.637208969948033
A.D. 2021-Sep-16 00:00:00.0000 UTC,12.042760573504493,0.6055958506404002,2.6375190043395635
A.D. 2021-Sep-17 00:00:00.0000 UTC,12.082138185651587,0.3421234551668562,2.637766166434938
A.D. 2021-Sep-18 00:00:00.0000 UTC,12.121543539732773,0.07849867688213391,2.6379508179652116
A.D. 2021-Sep-19 00:00:00.0000 UTC,12.160978813240916,-0.18525444052362644,2.6380732670721687
A.D. 2021-Sep-20 00:00:00.0000 UTC,12.200446239699788,-0.44911224056667726,2.6381337582170934
A.D. 2021-Sep-21 00:00:00.0000 UTC,12.239948083024284,-0.7130512706591842,2.638132467741731
A.D. 2021-Sep-22 00:00:00.0000 UTC,12.27948661321405,-0.97704809682349,2.6380695050103977
A.D. 2021-Sep-23 00:00:00.0000 UTC,12.319064085656066,-1.2410791354006407,2.6379449182650543
A.D. 2021-Sep-24 00:00:00.0000 UTC,12.358682725563906,-1.5051205164149206,2.637758703628118
A.D. 2021-Sep-25 00:00:00.0000 UTC,12.398344717964179,-1.7691479854507592,2.6375108153725333
A.D. 2021-Sep-26 00:00:00.0000 UTC,12.438052202535236,-2.0331368423001517,2.6372011757369505
A.D. 2021-Sep-27 00:00:00.0000 UTC,12.477807271822684,-2.29706190781533,2.636829683076672
A.D. 2021-Sep-28 00:00:00.0000 UTC,12.517611971012217,-2.5608975065876067,2.636396217806047
A.D. 2021-Sep-29 00:00:00.0000 UTC,12.557468297470857,-2.824617452137861,2.635900646233335
A.D. 2021-Sep-30 00:00:00.0000 UTC,12.597378198549615,-3.088195022479454,2.6353428229478966
A.D. 2021-Oct-01 00:00:00.0000 UTC,12.637343566599993,-3.3516029166463563,2.6347225928977944
A.D. 2021-Oct-02 00:00:00.0000 UTC,12.677366230822441,-3.614813187240791,2.6340397947113567
A.D. 2021-Oct-03 00:00:00.0000 UTC,12.717447946553534,-3.8777971511360443,2.6332942671316135
A.D. 2021-Oct-04 00:00:00.0000 UTC,12.75759038401474,-4.140525291165644,2.6324858604436048
A.D. 2021-Oct-05 00:00:00.0000 UTC,12.79779512027173,-4.402967175460697,2.6316144541316415
A.D. 2021-Oct-06 00:00:00.0000 UTC,12.838063639583426,-4.66509143393395,2.6306799803346745
A.D. 2021-Oct-07 00:00:00.0000 UTC,12.878397347289553,-4.926865834442638,2.629682449996897
A.D. 2021-Oct-08 00:00:00.0000 UTC,12.9187975997216,-5.188257484426088,2.6286219758515363
A.D. 2021-Oct-09 00:00:00.0000 UTC,12.959265747397323,-5.449233145694872,2.627498785279461
A.D. 2021-Oct-10 00:00:00.0000 UTC,12.999803183205781,-5.709759605566485,2.626313218115775
A.D. 2021-Oct-11 00:00:00.0000 UTC,13.040411384786559,-5.969804022734427,2.625065709192755
A.D. 2021-Oct-12 00:00:00.0000 UTC,13.081091942606623,-6.229334177534075,2.6237567602733947
A.D. 2021-Oct-13 00:00:00.0000 UTC,13.121846570772382,-6.48831859518639,2.6223869083595157
A.D. 2021-Oct-14 00:00:00.0000 UTC,13.162677102936767,-6.7467265520337465,2.6209566964610023
A.D. 2021-Oct-15 00:00:00.0000 UTC,13.203585478336796,-7.004527998590058,2.619466650185781
A.D. 2021-Oct-16 00:00:00.0000 UTC,13.244573722895426,-7.261693436002806,2.617917260851879
A.D. 2021-Oct-17 00:00:00.0000 UTC,13.285643928761269,-7.518193772802584,2.616308974298062
A.D. 2021-Oct-18 00:00:00.0000 UTC,13.32679823399057,-7.774000177174726,2.6146421840876415
A.D. 2021-Oct-19 00:00:00.0000 UTC,13.368038803058445,-8.029083931234377,2.6129172282717588
A.D. 2021-Oct-20 00:00:00.0000 UTC,13.409367808503937,-8.283416291419535,2.6111343889889587
A.D. 2021-Oct-21 00:00:00.0000 UTC,13.450787414113273,-8.536968358671741,2.609293894613202
A.D. 2021-Oct-22 00:00:00.0000 UTC,13.492299760192603,-8.789710963324003,2.6073959240421893
A.D. 2021-Oct-23 00:00:00.0000 UTC,13.533906951466816,-9.041614569485226,2.605440612533473
A.D. 2021-Oct-24 00:00:00.0000 UTC,13.57561104786889,-9.292649201755015,2.6034280582927027
A.D. 2021-Oct-25 00:00:00.0000 UTC,13.617414058024272,-9.542784393689294,2.6013583289479065
A.D. 2021-Oct-26 00:00:00.0000 UTC,13.65931793473321,-9.791989153613274,2.599231467164887
A.D. 2021-Oct-27 00:00:00.0000 UTC,13.701324571344808,-10.040231940175607,2.597047494954473
A.D. 2021-Oct-28 00:00:00.0000 UTC,13.743435797678881,-10.28748063808438,2.5948064166399263
A.D. 2021-Oct-29 00:00:00.0000 UTC,13.785653374119217,-10.533702524036803,2.592508220949138
A.D. 2021-Oct-30 00:00:00.0000 UTC,13.827978982720312,-10.778864214242958,2.590152883253037
A.D. 2021-Oct-31 00:00:00.0000 UTC,13.870414214754739,-11.022931588901336,2.5877403695654033
A.D. 2021-Nov-01 00:00:00.0000 UTC,13.912960555282634,-11.265869696867593,2.5852706444418616
A.D. 2021-Nov-02 00:00:00.0000 UTC,13.955619367234535,-11.50764265687461,2.5827436850635515
A.D. 2021-Nov-03 00:00:00.0000 UTC,13.998391880025176,-11.748213589170378,2.5801595030109326
A.D. 2021-Nov-04 00:00:00.0000 UTC,14.041279189914192,-11.987544627013921,2.577518172928639
A.D. 2021-Nov-05 00:00:00.0000 UTC,14.08428227924428,-12.225597057712566,2.5748198634845063
A.D. 2021-Nov-06 00:00:00.0000 UTC,14.127402057312542,-12.462331613671196,2.5720648622598294
A.D. 2021-Nov-07 00:00:00.0000 UTC,14.170639417282448,-12.697708876691141,2.5692535853664564
A.D. 2021-Nov-08 00:00:00.0000 UTC,14.213995295483697,-12.93168970225396,2.566386566725815
A.D. 2021-Nov-09 00:00:00.0000 UTC,14.257470717458538,-13.164235554951722,2.5634644295246454
A.D. 2021-Nov-10 00:00:00.0000 UTC,14.301066821022564,-13.395308685464354,2.5604878486633265
A.D. 2021-Nov-11 00:00:00.0000 UTC,14.34478485616121,-13.624872145269292,2.557457514299541
A.D. 2021-Nov-12 00:00:00.0000 UTC,14.388626168662451,-13.852889685279987,2.5543741032511793
A.D. 2021-Nov-13 00:00:00.0000 UTC,14.432592176239229,-14.079325598905081,2.5512382602689465
A.D. 2021-Nov-14 00:00:00.0000 UTC,14.476684343844608,-14.304144556910032,2.5480505877747075
A.D. 2021-Nov-15 00:00:00.0000 UTC,14.520904161630837,-14.527311459400606,2.544811641359326
A.D. 2021-Nov-16 00:00:00.0000 UTC,14.565253126390962,-14.748791312141837,2.54152192854308
A.D. 2021-Nov-17 00:00:00.0000 UTC,14.609732725906252,-14.96854912438687,2.5381819091375997
A.D. 2021-Nov-18 00:00:00.0000 UTC,14.654344425213756,-15.186549822253301,2.5347919963994983
A.D. 2021-Nov-19 00:00:00.0000 UTC,14.699089653999884,-15.402758172695304,2.531352558755437
A.D. 2021-Nov-20 00:00:00.0000 UTC,14.7439697947482,-15.617138715741907,2.527863922147066
A.D. 2021-Nov-21 00:00:00.0000 UTC,14.788986171653345,-15.829655705079787,2.524326373046601
A.D. 2021-Nov-22 00:00:00.0000 UTC,14.8341400404976,-16.04027305819869,2.520740162040371
A.D. 2021-Nov-23 00:00:00.0000 UTC,14.87943257961474,-16.248954316860125,2.5171055076952844
A.D. 2021-Nov-24 00:00:00.0000 UTC,14.924864881776152,-16.45566261689494,2.5134226003233597
A.D. 2021-Nov-25 00:00:00.0000 UTC,14.970437946428309,-16.660360663978455,2.509691605314596
A.D. 2021-Nov-26 00:00:00.0000 UTC,15.016152671317874,-16.863010709899978,2.505912665947114
A.D. 2021-Nov-27 00:00:00.0000 UTC,15.062009842295165,-17.063574522735884,2.5020859060032543
A.D. 2021-Nov-28 00:00:00.0000 UTC,15.1080101201439,-17.262013345078056,2.498211433099088
A.D. 2021-Nov-29 00:00:00.0000 UTC,15.154154023860132,-17.458287838114423,2.49428934431167
A.D. 2021-Nov-30 00:00:00.0000 UTC,15.200441911182313,-17.652358017200022,2.490319736290723
A.D. 2021-Dec-01 00:00:00.0000 UTC,15.246873959582375,-17.844183197374054,2.486302722169457
A.D. 2021-Dec-02 00:00:00.0000 UTC,15.293450154112984,-18.03372198314042,2.482238456569037
A.D. 2021-Dec-03 00:00:00.0000 UTC,15.340170291098172,-18.22093234796776,2.478127167162415
A.D. 2021-Dec-04 00:00:00.0000 UTC,15.38703400596226,-18.405771841414225,2.4739691868452214
A.D. 2021-Dec-05 00:00:00.0000 UTC,15.434040827027168,-18.588197924207034,2.469764976660017
A.D. 2021-Dec-06 00:00:00.0000 UTC,15.481190245971682,-18.768168372759842,2.4655151297620006
A.D. 2021-Dec-07 00:00:00.0000 UTC,15.528481786276087,-18.94564165012596,2.4612203527656744
A.D. 2021-Dec-08 00:00:00.0000 UTC,15.575915050775492,-19.120577147167246,2.4568814298757586
A.D. 2021-Dec-09 00:00:00.0000 UTC,15.623489739161329,-19.292935254834923,2.452499181253676
A.D. 2021-Dec-10 00:00:00.0000 UTC,15.671205638754508,-19.46267729500716,2.448074426604955
A.D. 2021-Dec-11 00:00:00.0000 UTC,15.719062599331068,-19.629765373177275,2.443607959837322
A.D. 2021-Dec-12 00:00:00.0000 UTC,15.76706050315891,-19.79416221386333,2.4391005351134347
A.D. 2021-Dec-13 00:00:00.0000 UTC,15.815199237611983,-19.95583101664597,2.434552861414993
A.D. 2021-Dec-14 00:00:00.0000 UTC,15.863478673379994,-20.114735346790134,2.4299656020164955
A.D. 2021-Dec-15 00:00:00.0000 UTC,15.911898648263366,-20.270839058735213,2.425339375975016
A.D. 2021-Dec-16 00:00:00.0000 UTC,15.960458955075755,-20.424106243842118,2.420674759864234
A.D. 2021-Dec-17 00:00:00.0000 UTC,16.00915933181967,-20.574501192773376,2.4159722889759663
A.D. 2021-Dec-18 00:00:00.0000 UTC,16.05799945255842,-20.721988364867848,2.4112324579080946
A.D. 2021-Dec-19 00:00:00.0000 UTC,16.106978917934736,-20.8665323599357,2.406455720850601
A.D. 2021-Dec-20 00:00:00.0000 UTC,16.156097244867716,-21.008097890904374,2.401642492017514
A.D. 2021-Dec-21 00:00:00.0000 UTC,16.20535385544321,-21.146649757994727,2.3967931466118073
A.D. 2021-Dec-22 00:00:00.0000 UTC,16.2547480652852,-21.28215282618917,2.391908022529114
A.D. 2021-Dec-23 00:00:00.0000 UTC,16.30427907169414,-21.41457200757778,2.386987422802689
A.D. 2021-Dec-24 00:00:00.0000 UTC,16.353945941582257,-21.54387224902608,2.38203161867322
A.D. 2021-Dec-25 00:00:00.0000 UTC,16.40374759883624,-21.670018524141526,2.377040853223634
A.D. 2021-Dec-26 00:00:00.0000 UTC,16.453682810395147,-21.79297582759695,2.372015345800638
A.D. 2021-Dec-27 00:00:00.0000 UTC,16.50375017031027,-21.912709170424694,2.366955297939273
A.D. 2021-Dec-28 00:00:00.0000 UTC,16.553948081672225,-22.029183577765853,2.36186090211361
A.D. 2021-Dec-29 00:00:00.0000 UTC,16.604274737861505,-22.14236409620922,2.356732355112939
A.D. 2021-Dec-30 00:00:00.0000 UTC,16.654728107208516,-22.252215825668543,2.35156987773639
A.D. 2021-Dec-31 00:00:00.0000 UTC,16.705305928284936,-22.358703997751245,2.3463737411879264
A.D. 2022-Jan-01 00:00:00.0000 UTC,16.756005724929818,-22.461794122513147,2.3411442976190133
A.D. 2022-Jan-02 00:00:00.0000 UTC,16.806824847941996,-22.561452210915487,2.3358820083054046
A.D. 2022-Jan-03 00:00:00.0000 UTC,16.857760542305318,-22.657645049934594,2.330587460220491
A.D. 2022-Jan-04 00:00:00.0000 UTC,16.90881002724704,-22.750340474356342,2.325261363269442
A.D. 2022-Jan-05 00:00:00.0000 UTC,16.95997056856221,-22.839507567757888,2.3199045269584744
A.D. 2022-Jan-06 00:00:00.0000 UTC,17.01123952499234,-22.925116748759457,2.3145178233335693
A.D. 2022-Jan-07 00:00:00.0000 UTC,17.06261436195034,-23.007139743745714,2.309102147345682
A.D. 2022-Jan-08 00:00:00.0000 UTC,17.114092638474585,-23.085549484242456,2.3036583841796427
A.D. 2022-Jan-09 00:00:00.0000 UTC,17.16567197975976,-23.16031997769049,2.298187387891678
A.D. 2022-Jan-10 00:00:00.0000 UTC,17.217350046924132,-23.23142618856744,2.2926899707768724
A.D. 2022-Jan-11 00:00:00.0000 UTC,17.269124511251537,-23.29884394754673,2.287166900297368
A.D. 2022-Jan-12 00:00:00.0000 UTC,17.32099303556914,-23.36254989090662,2.281618900014162
A.D. 2022-Jan-13 00:00:00.0000 UTC,17.372953262347938,-23.422521424119054,2.2760466517428357
A.D. 2022-Jan-14 00:00:00.0000 UTC,17.425002806617176,-23.478736701050266,2.270450797219866
A.D. 2022-Jan-15 00:00:00.0000 UTC,17.47713925135044,-23.531174610981065,2.264831938498215
A.D. 2022-Jan-16 00:00:00.0000 UTC,17.529360143125015,-23.579814767839032,2.2591906369854806
A.D. 2022-Jan-17 00:00:00.0000 UTC,17.58166298629975,-23.62463749862565,2.253527411518199
A.D. 2022-Jan-18 00:00:00.0000 UTC,17.634045234574632,-23.665623830531576,2.247842736164041
A.D. 2022-Jan-19 00:00:00.0000 UTC,17.68650427950815,-23.70275547834782,2.242137038565765
A.D. 2022-Jan-20 00:00:00.0000 UTC,17.739037436264606,-23.73601483520367,2.2364106995846464
A.D. 2022-Jan-21 00:00:00.0000 UTC,17.791641927387552,-23.76538497016954,2.230664054794343
A.D. 2022-Jan-22 00:00:00.0000 UTC,17.8443148656103,-23.79084963585969,2.224897398102715
A.D. 2022-Jan-23 00:00:00.0000 UTC,17.8970532365972,-23.812393288192826,2.2191109875685426
A.D. 2022-Jan-24 00:00:00.0000 UTC,17.949853882219173,-23.83000111951378,2.213305053454459
A.D. 2022-Jan-25 00:00:00.0000 UTC,18.002713484836704,-23.843659105926385,2.2074798087589684
A.D. 2022-Jan-26 00:00:00.0000 UTC,18.055628553491577,-23.85335407013178,2.201635462799682
A.D. 2022-Jan-27 00:00:00.0000 UTC,18.108595414171425,-23.859073761822238,2.1957722386066725
A.D. 2022-Jan-28 00:00:00.0000 UTC,18.161610208288053,-23.860806957462856,2.1898903945193964
A.D. 2022-Jan-29 00:00:00.0000 UTC,18.214668905363666,-23.858543578346584,2.183990249068801
A.D. 2022-Jan-30 00:00:00.0000 UTC,18.2677673359784,-23.852274818974944,2.178072205948984
A.D. 2022-Jan-31 00:00:00.0000 UTC,18.32090124745238,-23.84199326838732,2.1721367734621384
A.D. 2022-Feb-01 00:00:00.0000 UTC,18.374066377250795,-23.827693000018737,2.1661845719702035
A.D. 2022-Feb-02 00:00:00.0000 UTC,18.427258530736548,-23.809369607693224,2.160216325187703
A.D. 2022-Feb-03 00:00:00.0000 UTC,18.480473646050108,-23.787020179032755,2.154232836303669
A.D. 2022-Feb-04 00:00:00.0000 UTC,18.53370783301443,-23.760643216905358,2.148234955199023
A.D. 2022-Feb-05 00:00:00.0000 UTC,18.586957382872175,-23.7302385335154,2.142223545260257
A.D. 2022-Feb-06 00:00:00.0000 UTC,18.640218755248338,-23.695807143440323,2.136199456584169
A.D. 2022-Feb-07 00:00:00.0000 UTC,18.69348855325952,-23.657351173394535,2.1301635085043458
A.D. 2022-Feb-08 00:00:00.0000 UTC,18.746763496807098,-23.61487379494809,2.1241164808211557
A.D. 2022-Feb-09 00:00:00.0000 UTC,18.800040400380237,-23.56837917772015,2.1180591111929923
A.D. 2022-Feb-10 00:00:00.0000 UTC,18.853316157815772,-23.517872456526494,2.11199209577811
A.D. 2022-Feb-11 00:00:00.0000 UTC,18.906587733707603,-23.46335970560694,2.1059160907243255
A.D. 2022-Feb-12 00:00:00.0000 UTC,18.959852159639375,-23.40484791470947,2.099831712882949
A.D. 2022-Feb-13 00:00:00.0000 UTC,19.013106532750943,-23.342344964247523,2.093739538866785
A.D. 2022-Feb-14 00:00:00.0000 UTC,19.066348013971858,-23.27585959937587,2.0876401022095914
A.D. 2022-Feb-15 00:00:00.0000 UTC,19.119573823388766,-23.205401405382457,2.081533888947477
A.D. 2022-Feb-16 00:00:00.0000 UTC,19.172781230666754,-23.13098078900599,2.0754213324576516
A.D. 2022-Feb-17 00:00:00.0000 UTC,19.22596753929965,-23.052608971728606,2.0693028088185423
A.D. 2022-Feb-18 00:00:00.0000 UTC,19.279130064727518,-22.970298001205908,2.0631786341890916
A.D. 2022-Feb-19 00:00:00.0000 UTC,19.332266107835945,-22.88406078540303,2.057049065618323
A.D. 2022-Feb-20 00:00:00.0000 UTC,19.38537292663358,-22.793911150873328,2.050914306243123
A.D. 2022-Feb-21 00:00:00.0000 UTC,19.4384477095494,-22.699863922802315,2.0447745151263406
A.D. 2022-Feb-22 00:00:00.0000 UTC,19.491487553605022,-22.60193502114363,2.038629821283269
A.D. 2022-Feb-23 00:00:00.0000 UTC,19.544489449943352,-22.500141565190436,2.0324803409982075
A.D. 2022-Feb-24 00:00:00.0000 UTC,19.59745027840029,-22.394501978067947,2.026326197423018
A.D. 2022-Feb-25 00:00:00.0000 UTC,19.650366812499296,-22.285036081845654,2.0201675414995903
A.D. 2022-Feb-26 00:00:00.0000 UTC,19.703235736458034,-22.171765172229875,2.01400457312214
A.D. 2022-Feb-27 00:00:00.0000 UTC,19.756053675898784,-22.05471205933211,2.0078375608983032
A.D. 2022-Feb-28 00:00:00.0000 UTC,19.80881724293023,-21.933901059959542,2.0016668579726375
A.D. 2022-Mar-01 00:00:00.0000 UTC,19.861523093417922,-21.80935793059313,1.995492910708142
A.D. 2022-Mar-02 00:00:00.0000 UTC,19.914167990085808,-21.68110974077606,1.9893162573987115
A.D. 2022-Mar-03 00:00:00.0000 UTC,19.966748861592613,-21.54918470183803,1.9831375160674043
A.D. 2022-Mar-04 00:00:00.0000 UTC,20.019262847355282,-21.41361197888136,1.9769573632847313
A.D. 2022-Mar-05 00:00:00.0000 UTC,20.07170732158383,-21.274421517372524,1.970776508430937
A.D. 2022-Mar-06 00:00:00.0000 UTC,20.12407989610736,-21.131643907421548,1.9645956686150288
A.D. 2022-Mar-07 00:00:00.0000 UTC,20.176378407033628,-20.985310293800335,1.9584155483046528
A.D. 2022-Mar-08 00:00:00.0000 UTC,20.228600892861163,-20.835452325723633,1.9522368254873024
A.D. 2022-Mar-09 00:00:00.0000 UTC,20.28074557116972,-20.682102132531362,1.9460601440553498
A.D. 2022-Mar-10 00:00:00.0000 UTC,20.33281081873011,-20.525292310190657,1.9398861107927663
A.D. 2022-Mar-11 00:00:00.0000 UTC,20.384795157250473,-20.365055906628935,1.9337152949043783
A.D. 2022-Mar-12 00:00:00.0000 UTC,20.43669724485168,-20.201426398686497,1.9275482281745764
A.D. 2022-Mar-13 00:00:00.0000 UTC,20.48851587191849,-20.034437658402855,1.9213854042496283
A.D. 2022-Mar-14 00:00:00.0000 UTC,20.540249959030948,-19.864123911051188,1.9152272760216869
A.D. 2022-Mar-15 00:00:00.0000 UTC,20.59189855403582,-19.690519691972327,1.9090742506200764
A.D. 2022-Mar-16 00:00:00.0000 UTC,20.643460824921725,-19.5136598138475,1.9029266821415112
A.D. 2022-Mar-17 00:00:00.0000 UTC,20.694936045203395,-19.3335793598375,1.89678486302875
A.D. 2022-Mar-18 00:00:00.0000 UTC,20.746323569371313,-19.150313719228254,1.8906490158838967
A.D. 2022-Mar-19 00:00:00.0000 UTC,20.797622797949273,-18.963898678494687,1.884519288237873
A.D. 2022-Mar-20 00:00:00.0000 UTC,20.8488331347189,-18.774370570551866,1.8783957529852
A.D. 2022-Mar-21 00:00:00.0000 UTC,20.89995394186885,-18.581766469864107,1.8722784164652273
A.D. 2022-Mar-22 00:00:00.0000 UTC,20.950984500778564,-18.386124406256883,1.8661672345294262
A.D. 2022-Mar-23 00:00:00.0000 UTC,21.001923985674797,-18.187483562532385,1.860062134936893
A.D. 2022-Mar-24 00:00:00.0000 UTC,21.052771454529598,-17.985884424156602,1.853963042937812
A.D. 2022-Mar-25 00:00:00.0000 UTC,21.103525857691775,-17.78136886111965,1.84786990654377
A.D. 2022-Mar-26 00:00:00.0000 UTC,21.154186061655224,-17.573980135890075,1.8417827186703823
A.D. 2022-Mar-27 00:00:00.0000 UTC,21.204750884031608,-17.363762841137227,1.8357015344478431
A.D. 2022-Mar-28 00:00:00.0000 UTC,21.25521913589431,-17.150762775051113,1.8296264828758473
A.D. 2022-Mar-29 00:00:00.0000 UTC,21.305589668144243,-16.93502676348235,1.8235577724012904
A.D. 2022-Mar-30 00:00:00.0000 UTC,21.355861418552415,-16.71660244072936,1.817495690132934
A.D. 2022-Mar-31 00:00:00.0000 UTC,21.406033455575756,-16.495538006280853,1.8114405946866472
A.D. 2022-Apr-01 00:00:00.0000 UTC,21.456105014592257,-16.271881981087223,1.8053929033310048
A.D. 2022-Apr-02 00:00:00.0000 UTC,21.50607552271912,-16.045682989563474,1.7993530750526683
A.D. 2022-Apr-03 00:00:00.0000 UTC,21.555944610204488,-15.816989589106285,1.793321591950008
A.D. 2022-Apr-04 00:00:00.0000 UTC,21.60571210901508,-15.585850157840678,1.7872989415545601
A.D. 2022-Apr-05 00:00:00.0000 UTC,21.655378041649058,-15.352312837753923,1.7812856021440475
A.D. 2022-Apr-06 00:00:00.0000 UTC,21.70494260451753,-15.116425519445599,1.7752820320917655
A.D. 2022-Apr-07 00:00:00.0000 UTC,21.75440615022095,-14.878235849491658,1.7692886632115699
A.D. 2022-Apr-08 00:00:00.0000 UTC,21.803769172046096,-14.637791241914242,1.7633058972333044
A.D. 2022-Apr-09 00:00:00.0000 UTC,21.85303229258428,-14.395138879582312,1.7573341040948278
A.D. 2022-Apr-10 00:00:00.0000 UTC,21.902196256943007,-14.150325697490624,1.751373620606949
A.D. 2022-Apr-11 00:00:00.0000 UTC,21.951261929746664,-13.90339834666451,1.7454247481243117
A.D. 2022-Apr-12 00:00:00.0000 UTC,22.000230293949404,-13.654403144878462,1.7394877480715234
A.D. 2022-Apr-13 00:00:00.0000 UTC,22.049102448327385,-13.403386028893008,1.7335628345565732
A.D. 2022-Apr-14 00:00:00.0000 UTC,22.09787959944516,-13.150392532346718,1.727650163967397
A.D. 2022-Apr-15 00:00:00.0000 UTC,22.146563043307953,-12.895467821662105,1.7217498225184744
A.D. 2022-Apr-16 00:00:00.0000 UTC,22.195154132622147,-12.638656824245745,1.715861814166344
A.D. 2022-Apr-17 00:00:00.0000 UTC,22.243654228492705,-12.3800044717297,1.7099860527472834
A.D. 2022-Apr-18 00:00:00.0000 UTC,22.292064640647926,-12.119556051556282,1.7041223627557311
A.D. 2022-Apr-19 00:00:00.0000 UTC,22.34038656632061,-11.857357618549944,1.6982704919416718
A.D. 2022-Apr-20 00:00:00.0000 UTC,22.388621041455252,-11.593456383317259,1.6924301356924483
A.D. 2022-Apr-21 00:00:00.0000 UTC,22.436768916016952,-11.327900989175202,1.6866009692314834
A.D. 2022-Apr-22 00:00:00.0000 UTC,22.484830858042866,-11.060741621400876,1.6807826811355626
A.D. 2022-Apr-23 00:00:00.0000 UTC,22.532807382498053,-10.79202994483583,1.6749750019142167
A.D. 2022-Apr-24 00:00:00.0000 UTC,22.580698895468558,-10.521818909470134,1.6691777239271754
A.D. 2022-Apr-25 00:00:00.0000 UTC,22.628505743564833,-10.250162480574764,1.6633907119898077
A.D. 2022-Apr-26 00:00:00.0000 UTC,22.676228261212525,-9.97711534240902,1.657613906107808
A.D. 2022-Apr-27 00:00:00.0000 UTC,22.72386681212555,-9.702732606473988,1.6518473184560136
A.D. 2022-Apr-28 00:00:00.0000 UTC,22.77142182382621,-9.427069539580703,1.6460910264198774
A.D. 2022-Apr-29 00:00:00.0000 UTC,22.818893815139358,-9.150181319058206,1.6403451629384407
A.D. 2022-Apr-30 00:00:00.0000 UTC,22.866283416648606,-8.872122820970436,1.6346099049948197
A.D. 2022-May-01 00:00:00.0000 UTC,22.913591383928647,-8.592948448003606,1.6288854610238817
A.D. 2022-May-02 00:00:00.0000 UTC,22.96081860351203,-8.312712002839922,1.6231720581229365
A.D. 2022-May-03 00:00:00.0000 UTC,23.007966092143416,-8.0314666087523,1.6174699300417703
A.D. 2022-May-04 00:00:00.0000 UTC,23.05503499070034,-7.749264672752461,1.6117793068287365
A.D. 2022-May-05 00:00:00.0000 UTC,23.1020265548539,-7.4661578802523305,1.6061004066856732
A.D. 2022-May-06 00:00:00.0000 UTC,23.14894214483226,-7.182197206084581,1.600433430118465
A.D. 2022-May-07 00:00:00.0000 UTC,23.195783216455833,-6.897432925953815,1.5947785559876502
A.D. 2022-May-08 00:00:00.0000 UTC,23.24255131501768,-6.611914614855691,1.5891359386612929
A.D. 2022-May-09 00:00:00.0000 UTC,23.289248072705558,-6.325691124117353,1.583505705190512
A.D. 2022-May-10 00:00:00.0000 UTC,23.335875209158274,-6.0388105361835365,1.5778879512734683
A.D. 2022-May-11 00:00:00.0000 UTC,23.382434533381904,-5.751320106445917,1.5722827347730113
A.D. 2022-May-12 00:00:00.0000 UTC,23.42892794357649,-5.463266214835785,1.5666900658087484
A.D. 2022-May-13 00:00:00.0000 UTC,23.4753574196001,-5.1746943658335445,1.5611098931568155
A.D. 2022-May-14 00:00:00.0000 UTC,23.521725001497384,-4.885649289447433,1.5555420880872493
A.D. 2022-May-15 00:00:00.0000 UTC,23.56803274813565,-4.596175196999385,1.5499864288564031
A.D. 2022-May-16 00:00:00.0000 UTC,23.61428267422195,-4.3063162196205225,1.5444425912335586
A.D. 2022-May-17 00:00:00.0000 UTC,23.66047667227399,-4.016116996706238,1.5389101512280625
A.D. 2022-May-18 00:00:00.0000 UTC,23.706616435635986,-3.7256233032181685,1.5333886039740139
A.D. 2022-May-19 00:00:00.0000 UTC,23.75270340327067,-3.4348825543847896,1.527877397398779
A.D. 2022-May-20 00:00:00.0000 UTC,23.79873874185551,-3.1439440487208357,1.5223759733855236
A.D. 2022-May-21 00:00:00.0000 UTC,23.844723367381594,-2.8528589030868483,1.5168838063971184
A.D. 2022-May-22 00:00:00.0000 UTC,23.890657995111553,-2.5616797403070724,1.5114004316230758
A.D. 2022-May-23 00:00:00.0000 UTC,23.936543200864758,-2.270460249023362,1.505925459754482
A.D. 2022-May-24 00:00:00.0000 UTC,23.982379479161082,-1.9792547298114715,1.5004585801133594
A.D. 2022-May-25 00:00:00.0000 UTC,0.028167290485440696,-1.6881176976005734,1.4949995560653533
A.D. 2022-May-26 00:00:00.0000 UTC,0.07390709614498216,-1.3971035637142175,1.489548216551303
A.D. 2022-May-27 00:00:00.0000 UTC,0.11959938270469445,-1.10626639106782,1.484104446346584
A.D. 2022-May-28 00:00:00.0000 UTC,0.1652446789404002,-0.8156597052083864,1.4786681763403313
A.D. 2022-May-29 00:00:00.0000 UTC,0.21084356770865406,-0.5253363453745615,1.473239374229016
A.D. 2022-May-30 00:00:00.0000 UTC,0.2563966941298205,-0.23534834605893362,1.467818035618929
A.D. 2022-May-31 00:00:00.0000 UTC,0.30190477066406374,0.054253154634098535,1.4624041754961692
A.D. 2022-Jun-01 00:00:00.0000 UTC,0.3473685793042338,0.343417980815727,1.456997820156903
A.D. 2022-Jun-02 00:00:00.0000 UTC,0.3927889712114704,0.6320969605623389,1.4515989998227503
A.D. 2022-Jun-03 00:00:00.0000 UTC,0.43816686449867165,0.9202419484090107,1.446207742184784
A.D. 2022-Jun-04 00:00:00.0000 UTC,0.4835032412802367,1.2078058369871032,1.4408240669871253
A.D. 2022-Jun-05 00:00:00.0000 UTC,0.5287991453361309,1.4947425684994382,1.435447981501027
A.D. 2022-Jun-06 00:00:00.0000 UTC,0.5740556816382959,1.7810071564586027,1.4300794764087785
A.D. 2022-Jun-07 00:00:00.0000 UTC,0.6192740184695402,2.066555724476796,1.424718521276529
A.D. 2022-Jun-08 00:00:00.0000 UTC,0.664455391849793,2.351345561200887,1.41936505851308
A.D. 2022-Jun-09 00:00:00.0000 UTC,0.7096011103751967,2.635335177939453,1.4140189945872146
A.D. 2022-Jun-10 00:00:00.0000 UTC,0.7547125563373963,2.9184843377999417,1.408680187489662
A.D. 2022-Jun-11 00:00:00.0000 UTC,0.7997911764166156,3.2007540044153093,1.4033484302635058
A.D. 2022-Jun-12 00:00:00.0000 UTC,0.8448384534006657,3.482106142804792,1.398023432180648
A.D. 2022-Jun-13 00:00:00.0000 UTC,0.8898558514129187,3.7625033113770776,1.392704801759924
A.D. 2022-Jun-14 00:00:00.0000 UTC,0.9348447335232679,4.041908032625053,1.387392038352004
A.D. 2022-Jun-15 00:00:00.0000 UTC,0.9798062626377755,4.320282024110541,1.3820845394131898
A.D. 2022-Jun-16 00:00:00.0000 UTC,1.0247413091809208,4.597585472746685,1.3767816268847712
A.D. 2022-Jun-17 00:00:00.0000 UTC,1.0696503929589907,4.873776570592508,1.3714825888299922
A.D. 2022-Jun-18 00:00:00.0000 UTC,1.1145336759069149,5.148811450945134,1.3661867257672815
A.D. 2022-Jun-19 00:00:00.0000 UTC,1.1593910025050664,5.4226445079420404,1.3608933896727942
A.D. 2022-Jun-20 00:00:00.0000 UTC,1.2042219685063114,5.695228952573022,1.3556020081451523
A.D. 2022-Jun-21 00:00:00.0000 UTC,1.2490259948849511,5.96651742350634,1.3503120930043333
A.D. 2022-Jun-22 00:00:00.0000 UTC,1.2938023907663705,6.236462521178387,1.345023237394132
A.D. 2022-Jun-23 00:00:00.0000 UTC,1.338550399080671,6.505017210947123,1.3397351067946612
A.D. 2022-Jun-24 00:00:00.0000 UTC,1.3832692261069044,6.77213510024638,1.3344474282672443
A.D. 2022-Jun-25 00:00:00.0000 UTC,1.4279580594155992,7.03777062236846,1.3291599803978411
A.D. 2022-Jun-26 00:00:00.0000 UTC,1.4726160790285492,7.30187916318995,1.3238725848262696
A.D. 2022-Jun-27 00:00:00.0000 UTC,1.5172424654557295,7.564417158850072,1.3185850992793657
A.D. 2022-Jun-28 00:00:00.0000 UTC,1.5618364067508865,7.825342180904219,1.3132974116068552
A.D. 2022-Jun-29 00:00:00.0000 UTC,1.6063971054284163,8.08461301550423,1.3080094342732793
A.D. 2022-Jun-30 00:00:00.0000 UTC,1.6509237852406844,8.342189736659035,1.30272109891721
A.D. 2022-Jul-01 00:00:00.0000 UTC,1.695415697477628,8.598033771024712,1.2974323508111272
A.D. 2022-Jul-02 00:00:00.0000 UTC,1.7398721265505033,8.85210795239806,1.2921431432328259
A.D. 2022-Jul-03 00:00:00.0000 UTC,1.7842923949942815,9.104376566823502,1.286853431816746
A.D. 2022-Jul-04 00:00:00.0000 UTC,1.8286758684328146,9.354805392142532,1.2815631688572862
A.D. 2022-Jul-05 00:00:00.0000 UTC,1.873021961230401,9.60336173693667,1.2762722972988894
A.D. 2022-Jul-06 00:00:00.0000 UTC,1.9173301432431067,9.85001448132737,1.2709807438260388
A.D. 2022-Jul-07 00:00:00.0000 UTC,1.9615999470479466,10.094734114533622,1.2656884101623755
A.D. 2022-Jul-08 00:00:00.0000 UTC,2.0058309730996218,10.337492750647513,1.260395161564296
A.D. 2022-Jul-09 00:00:00.0000 UTC,2.0500228874848,10.578264085634073,1.2551008117996005
A.D. 2022-Jul-10 00:00:00.0000 UTC,2.09417540391991,10.817023239983008,1.2498051049574574
A.D. 2022-Jul-11 00:00:00.0000 UTC,2.138288240051112,11.053746424753998,1.2445076964680029
A.D. 2022-Jul-12 00:00:00.0000 UTC,2.18236104083084,11.288410393007002,1.2392081384207632
A.D. 2022-Jul-13 00:00:00.0000 UTC,2.2263932713758448,11.520991708971318,1.2339058763198554
A.D. 2022-Jul-14 00:00:00.0000 UTC,2.2703840970562688,11.75146597101097,1.2286002635657367
A.D. 2022-Jul-15 00:00:00.0000 UTC,2.3143322816751994,11.979807203967452,1.2232905947745543
A.D. 2022-Jul-16 00:00:00.0000 UTC,2.3582361343382052,12.205987618696739,1.2179761513078502
A.D. 2022-Jul-17 00:00:00.0000 UTC,2.402093518334074,12.4299778060602,1.2126562469648494
A.D. 2022-Jul-18 00:00:00.0000 UTC,2.445901911199161,12.651747266888211,1.2073302625726556
A.D. 2022-Jul-19 00:00:00.0000 UTC,2.4896584896787464,12.871265084063891,1.2019976642290504
A.D. 2022-Jul-20 00:00:00.0000 UTC,2.5333602133443325,13.088500556219875,1.1966580066618178
A.D. 2022-Jul-21 00:00:00.0000 UTC,2.5770038909979998,13.303423691792068,1.191310926921195
A.D. 2022-Jul-22 00:00:00.0000 UTC,2.620586225637799,13.516005543672023,1.1859561339358435
A.D. 2022-Jul-23 00:00:00.0000 UTC,2.664103841315239,13.726218414139796,1.180593397857521
A.D. 2022-Jul-24 00:00:00.0000 UTC,2.707553298092493,13.934035975963267,1.175222541176528
A.D. 2022-Jul-25 00:00:00.0000 UTC,2.7509311011502198,14.139433351487513,1.1698434321090647
A.D. 2022-Jul-26 00:00:00.0000 UTC,2.7942337086212587,14.342387179486625,1.164455979886849
A.D. 2022-Jul-27 00:00:00.0000 UTC,2.8374575409626783,14.542875686553717,1.1590601311884807
A.D. 2022-Jul-28 00:00:00.0000 UTC,2.880598993079856,14.740878768778058,1.1536558668754024
A.D. 2022-Jul-29 00:00:00.0000 UTC,2.923654449147344,14.936378081338502,1.1482431983114227
A.D. 2022-Jul-30 00:00:00.0000 UTC,2.9666202992139348,15.12935712873856,1.1428221627694688
A.D. 2022-Jul-31 00:00:00.0000 UTC,3.0094929562864015,15.319801346759412,1.1373928176872907
A.D. 2022-Aug-01 00:00:00.0000 UTC,3.0522688726410125,15.507698168353688,1.1319552337453092
A.D. 2022-Aug-02 00:00:00.0000 UTC,3.094944554460365,15.693037068388982,1.126509486831247
A.D. 2022-Aug-03 00:00:00.0000 UTC,3.1375165742224302,15.875809584350474,1.1210556488900993
A.D. 2022-Aug-04 00:00:00.0000 UTC,3.179981580158778,16.05600930951841,1.1155937774647
A.D. 2022-Aug-05 00:00:00.0000 UTC,3.222336301145032,16.23363184998583,1.1101239035291084
A.D. 2022-Aug-06 00:00:00.0000 UTC,3.26457754339152,16.40867472701814,1.1046460172118686
A.D. 2022-Aug-07 00:00:00.0000 UTC,3.3067021725486456,16.58113719444692,1.0991600514731896
A.D. 2022-Aug-08 00:00:00.0000 UTC,3.3487070724835304,16.751019934212948,1.0936658649865643
A.D. 2022-Aug-09 00:00:00.0000 UTC,3.390589072302277,16.91832460360819,1.0881632273725064
A.D. 2022-Aug-10 00:00:00.0000 UTC,3.432344839036961,17.0830532469932,1.0826518119124378
A.D. 2022-Aug-11 00:00:00.0000 UTC,3.473970745944592,17.245207652046712,1.077131201501462
A.D. 2022-Aug-12 00:00:00.0000 UTC,3.515462741677903,17.404788798266125,1.0716009112642173
A.D. 2022-Aug-13 00:00:00.0000 UTC,3.5568162541082344,17.56179656324256,1.0660604257982516
A.D. 2022-Aug-14 00:00:00.0000 UTC,3.59802615535494,17.716229785723137,1.0605092429768408
A.D. 2022-Aug-15 00:00:00.0000 UTC,3.639086792909104,17.86808665870893,1.0549469135714806
A.D. 2022-Aug-16 00:00:00.0000 UTC,3.6799920685394025,18.01736531643065,1.0493730684809621
A.D. 2022-Aug-17 00:00:00.0000 UTC,3.7207355354460123,18.16406444705011,1.0437874310661097
A.D. 2022-Aug-18 00:00:00.0000 UTC,3.7613104878995895,18.30818380681619,1.0381898172436352
A.D. 2022-Aug-19 00:00:00.0000 UTC,3.8017100294811623,18.449724584793145,1.0325801283427591
A.D. 2022-Aug-20 00:00:00.0000 UTC,3.8419271175994245,18.58868962680129,1.0269583414494323
A.D. 2022-Aug-21 00:00:00.0000 UTC,3.881954589014792,18.725083557004464,1.0213245004093767
A.D. 2022-Aug-22 00:00:00.0000 UTC,3.921785173651826,18.858912841016625,1.0156787090029666
A.D. 2022-Aug-23 00:00:00.0000 UTC,3.961411503752948,18.99018582698925,1.010021126567265
A.D. 2022-Aug-24 00:00:00.0000 UTC,4.000826123986232,19.11891278955709,1.0043519655773705
A.D. 2022-Aug-25 00:00:00.0000 UTC,4.040021506319022,19.24510598992625,0.9986714902876904
A.D. 2022-Aug-26 00:00:00.0000 UTC,4.078990071591985,19.368779755013243,0.9929800153553531
A.D. 2022-Aug-27 00:00:00.0000 UTC,4.117724217826712,19.48995056960431,0.9872779033668131
A.D. 2022-Aug-28 00:00:00.0000 UTC,4.156216353458366,19.608637168410493,0.9815655603562793
A.D. 2022-Aug-29 00:00:00.0000 UTC,4.194458932137413,19.724860610564164,0.9758434287333586
A.D. 2022-Aug-30 00:00:00.0000 UTC,4.232444484817712,19.83864431848717,0.9701119774751781
A.D. 2022-Aug-31 00:00:00.0000 UTC,4.270165644756897,19.950014066252276,0.9643716898754504
A.D. 2022-Sep-01 00:00:00.0000 UTC,4.307615161676781,20.05899790814936,0.9586230494510838
A.D. 2022-Sep-02 00:00:00.0000 UTC,4.344785902147446,20.165626043543792,0.952866524717818
A.D. 2022-Sep-03 00:00:00.0000 UTC,4.381670833583543,20.269930616842313,0.9471025535223773
A.D. 2022-Sep-04 00:00:00.0000 UTC,4.418262988693818,20.371945451052582,0.9413315276580593
A.D. 2022-Sep-05 00:00:00.0000 UTC,4.4545554062211705,20.471705712885942,0.9355537788406881
A.D. 2022-Sep-06 00:00:00.0000 UTC,4.490541043803089,20.56924751233922,0.9297695679055901
A.D. 2022-Sep-07 00:00:00.0000 UTC,4.526212661902305,20.66460745607431,0.9239790800941912
A.D. 2022-Sep-08 00:00:00.0000 UTC,4.56156268551668,20.757822202367933,0.9181824298587097
A.D. 2022-Sep-09 00:00:00.0000 UTC,4.596583061567142,20.84892809566471,0.9123796777819099
A.D. 2022-Sep-10 00:00:00.0000 UTC,4.631265139198448,20.937960969778562,0.906570859455621
A.D. 2022-Sep-11 00:00:00.0000 UTC,4.665599600382223,21.024956181273602,0.9007560222233763
A.D. 2022-Sep-12 00:00:00.0000 UTC,4.699576455672255,21.109948870828795,0.8949352626170157
A.D. 2022-Sep-13 00:00:00.0000 UTC,4.733185099753748,21.192974380828158,0.8891087570945226
A.D. 2022-Sep-14 00:00:00.0000 UTC,4.766414404456854,21.274068719922376,0.8832767815229566
A.D. 2022-Sep-15 00:00:00.0000 UTC,4.799252821389835,21.353268975305998,0.8774397189700698
A.D. 2022-Sep-16 00:00:00.0000 UTC,4.831688472211207,21.430613615630403,0.8715980585740881
A.D. 2022-Sep-17 00:00:00.0000 UTC,4.86370921568646,21.50614267392641,0.8657523895025026
A.D. 2022-Sep-18 00:00:00.0000 UTC,4.895302690820512,21.579897831490932,0.8599033935927747
A.D. 2022-Sep-19 00:00:00.0000 UTC,4.926456341615694,21.651922436471054,0.8540518390722268
A.D. 2022-Sep-20 00:00:00.0000 UTC,4.957157431514921,21.722261490231343,0.848198576502028
A.D. 2022-Sep-21 00:00:00.0000 UTC,4.9873930557187895,21.790961627451082,0.8423445371002608
A.D. 2022-Sep-22 00:00:00.0000 UTC,5.017150158517546,21.858071106797194,0.8364907328966911
A.D. 2022-Sep-23 00:00:00.0000 UTC,5.046415561112464,21.923639819683295,0.8306382576714197
A.D. 2022-Sep-24 00:00:00.0000 UTC,5.075176003104721,21.98771931514646,0.8247882872699664
A.D. 2022-Sep-25 00:00:00.0000 UTC,5.103418197671872,22.050362829152398,0.8189420776931129
A.D. 2022-Sep-26 00:00:00.0000 UTC,5.131128896409946,22.11162529754094,0.8131009594413873
A.D. 2022-Sep-27 00:00:00.0000 UTC,5.158294955480092,22.171563325687043,0.8072663270817659
A.D. 2022-Sep-28 00:00:00.0000 UTC,5.184903391367167,22.23023508794209,0.8014396239292975
A.D. 2022-Sep-29 00:00:00.0000 UTC,5.210941413796691,22.287700138112744,0.7956223229194714
A.D. 2022-Sep-30 00:00:00.0000 UTC,5.236396426008688,22.34401912740446,0.789815905803823
A.D. 2022-Oct-01 00:00:00.0000 UTC,5.261255987927048,22.399253443381134,0.7840218433272682
A.D. 2022-Oct-02 00:00:00.0000 UTC,5.285507743665108,22.45346479621522,0.7782415788838783
A.D. 2022-Oct-03 00:00:00.0000 UTC,5.309139319081776,22.50671478318953,0.7724765175122804
A.D. 2022-Oct-04 00:00:00.0000 UTC,5.332138197028762,22.559064460466335,0.7667280214111766
A.D. 2022-Oct-05 00:00:00.0000 UTC,5.354491578695307,22.61057394747665,0.7609974127417962
A.D. 2022-Oct-06 00:00:00.0000 UTC,5.3761862410767804,22.661302088107178,0.7552859842867162
A.D. 2022-Oct-07 00:00:00.0000 UTC,5.3972084040516615,22.711306193919,0.7495950181674912
A.D. 2022-Oct-08 00:00:00.0000 UTC,5.4175436244444635,22.760641892729094,0.7439258118735088
A.D. 2022-Oct-09 00:00:00.0000 UTC,5.437176735292662,22.809363094581286,0.7382797092970425
A.D. 2022-Oct-10 00:00:00.0000 UTC,5.456091843098439,22.85752206482477,0.7326581328876571
A.D. 2022-Oct-11 00:00:00.0000 UTC,5.474272384219165,22.905169567673664,0.7270626123570687
A.D. 2022-Oct-12 00:00:00.0000 UTC,5.49170122815992,22.952355025696352,0.7214948061796763
A.D. 2022-Oct-13 00:00:00.0000 UTC,5.5083608065216145,22.999126640410662,0.7159565141909908
A.D. 2022-Oct-14 00:00:00.0000 UTC,5.524233245340121,23.045531435831908,0.7104496819316215
A.D. 2022-Oct-15 00:00:00.0000 UTC,5.539300484552791,23.091615211171526,0.7049763990469567
A.D. 2022-Oct-16 00:00:00.0000 UTC,5.553544377386492,23.13742241034171,0.6995388946160114
A.D. 2022-Oct-17 00:00:00.0000 UTC,5.566946770705031,23.182995928666998,0.694139531929836
A.D. 2022-Oct-18 00:00:00.0000 UTC,5.579489572860462,23.228376881103387,0.688780804418793
A.D. 2022-Oct-19 00:00:00.0000 UTC,5.591154818321646,23.273604354261256,0.683465333519838
A.D. 2022-Oct-20 00:00:00.0000 UTC,5.6019247391094344,23.318715159699934,0.6781958684587557
A.D. 2022-Oct-21 00:00:00.0000 UTC,5.611781852530789,23.363743600019447,0.6729752872106208
A.D. 2022-Oct-22 00:00:00.0000 UTC,5.620709072929745,23.408721252411045,0.6678065972463144
A.D. 2022-Oct-23 00:00:00.0000 UTC,5.62868985155487,23.453676765910387,0.6626929340765748
A.D. 2022-Oct-24 00:00:00.0000 UTC,5.635708342320994,23.498635658313944,0.6576375552120477
A.D. 2022-Oct-25 00:00:00.0000 UTC,5.641749582027964,23.543620088026493,0.6526438272850998
A.D. 2022-Oct-26 00:00:00.0000 UTC,5.646799663239903,23.588648569254445,0.6477152051050781
A.D. 2022-Oct-27 00:00:00.0000 UTC,5.6508458709002936,23.633735602161458,0.6428552034792935
A.D. 2022-Oct-28 00:00:00.0000 UTC,5.653876755451006,23.678891207095454,0.6380673652464455
A.D. 2022-Oct-29 00:00:00.0000 UTC,5.65588212854131,23.724120380647502,0.6333552309912784
A.D. 2022-Oct-30 00:00:00.0000 UTC,5.656852988506545,23.76942251916111,0.6287223161344522
A.D. 2022-Oct-31 00:00:00.0000 UTC,5.656781402031305,23.814790868247396,0.6241720992097836
A.D. 2022-Nov-01 00:00:00.0000 UTC,5.655660376855258,23.860212049133725,0.6197080221140312
A.D. 2022-Nov-02 00:00:00.0000 UTC,5.653483756239284,23.90566569115906,0.6153335004765134
A.D. 2022-Nov-03 00:00:00.0000 UTC,5.650246154738896,23.951124177622752,0.6110519410308554
A.D. 2022-Nov-04 00:00:00.0000 UTC,5.645942944102388,23.996552499043815,0.6068667629148812
A.D. 2022-Nov-05 00:00:00.0000 UTC,5.640570291918825,24.041908204925907,0.6027814204474928
A.D. 2022-Nov-06 00:00:00.0000 UTC,5.634125253428172,24.087141447543875,0.5987994254311393
A.D. 2022-Nov-07 00:00:00.0000 UTC,5.626605915567511,24.132195113291054,0.5949243671544486
A.D. 2022-Nov-08 00:00:00.0000 UTC,5.6180115891731335,24.17700503576924,0.5911599282253693
A.D. 2022-Nov-09 00:00:00.0000 UTC,5.608343039892734,24.22150028091884,0.5875098945393475
A.D. 2022-Nov-10 00:00:00.0000 UTC,5.59760274275545,24.265603491354536,0.5839781583243817
A.D. 2022-Nov-11 00:00:00.0000 UTC,5.585795142291283,24.30923127775219,0.5805687142253342
A.D. 2022-Nov-12 00:00:00.0000 UTC,5.572926901248579,24.352294650378866,0.5772856494498908
A.D. 2022-Nov-13 00:00:00.0000 UTC,5.559007125892222,24.394699491876068,0.5741331297250252
A.D. 2022-Nov-14 00:00:00.0000 UTC,5.544047562589631,24.43634708032398,0.5711153830161037
A.D. 2022-Nov-15 00:00:00.0000 UTC,5.528062766722749,24.477134677242926,0.5682366826844352
A.D. 2022-Nov-16 00:00:00.0000 UTC,5.511070249553476,24.5169561978356,0.5655013311802124
A.D. 2022-Nov-17 00:00:00.0000 UTC,5.49309061117113,24.55570298085765,0.5629136446605937
A.D. 2022-Nov-18 00:00:00.0000 UTC,5.474147668224255,24.593264673591154,0.560477938179496
A.D. 2022-Nov-19 00:00:00.0000 UTC,5.454268583774742,24.629530243237696,0.5581985103318571
A.D. 2022-Nov-20 00:00:00.0000 UTC,5.4334840026508395,24.66438911802051,0.5560796254613928
A.D. 2022-Nov-21 00:00:00.0000 UTC,5.411828187820724,24.69773244653176,0.5541254908800634
A.D. 2022-Nov-22 00:00:00.0000 UTC,5.389339140503976,24.72945443982363,0.5523402263573974
A.D. 2022-Nov-23 00:00:00.0000 UTC,5.366058670256226,24.75945372882289,0.5507278240300871
A.D. 2022-Nov-24 00:00:00.0000 UTC,5.342032367348972,24.787634640083194,0.549292099434653
A.D. 2022-Nov-25 00:00:00.0000 UTC,5.317309429909756,24.813908285818876,0.5480366384140742
A.D. 2022-Nov-26 00:00:00.0000 UTC,5.291942322850591,24.8381933992008,0.5469647485803942
A.D. 2022-Nov-27 00:00:00.0000 UTC,5.265986291779512,24.860416920992296,0.5460794251524133
A.D. 2022-Nov-28 00:00:00.0000 UTC,5.239498801009124,24.88051442329821,0.5453833376205729
A.D. 2022-Nov-29 00:00:00.0000 UTC,5.212538982700776,24.89843049249822,0.5448788371350444
A.D. 2022-Nov-30 00:00:00.0000 UTC,5.185167164263012,24.914119166765975,0.5445679785187804
A.D. 2022-Dec-01 00:00:00.0000 UTC,5.157444499678494,24.927544459006576,0.5444525484548144
A.D. 2022-Dec-02 00:00:00.0000 UTC,5.129432693496021,24.93868093690141,0.5445340928478094
A.D. 2022-Dec-03 00:00:00.0000 UTC,5.101193788709912,24.947514304028832,0.5448139395645065
A.D. 2022-Dec-04 00:00:00.0000 UTC,5.072789990278497,24.95404192841027,0.5452932155952427
A.D. 2022-Dec-05 00:00:00.0000 UTC,5.044283505155467,24.958273281752216,0.5459728592075601
A.D. 2022-Dec-06 00:00:00.0000 UTC,5.015736388927529,24.96023026949688,0.5468536280188393
A.D. 2022-Dec-07 00:00:00.0000 UTC,4.987210394501676,24.959947441344383,0.5479361036770131
A.D. 2022-Dec-08 00:00:00.0000 UTC,4.958766819707746,24.957472073826157,0.5492206935421912
A.D. 2022-Dec-09 00:00:00.0000 UTC,4.9304663501164985,24.95286411444473,0.5507076296970265
A.D. 2022-Dec-10 00:00:00.0000 UTC,4.902368893043083,24.946195975536995,0.5523969658121662
A.D. 2022-Dec-11 00:00:00.0000 UTC,4.874533399992722,24.93755216877614,0.5542885727098532
A.D. 2022-Dec-12 00:00:00.0000 UTC,4.84701767784109,24.92702877898365,0.5563821337049285
A.D. 2022-Dec-13 00:00:00.0000 UTC,4.819878192952075,24.914732787110424,0.5586771408129277
A.D. 2022-Dec-14 00:00:00.0000 UTC,4.793169875995171,24.900781264037324,0.5611728926590018
A.D. 2022-Dec-15 00:00:00.0000 UTC,4.766945937456296,24.885300466499594,0.563868494445217
A.D. 2022-Dec-16 00:00:00.0000 UTC,4.7412577042275545,24.86842487196472,0.5667628597154292
A.D. 2022-Dec-17 00:00:00.0000 UTC,4.716154485979305,24.850296189167285,0.5698547129629703
A.D. 2022-Dec-18 00:00:00.0000 UTC,4.691683475933945,24.831062373298167,0.5731425914161506
A.D. 2022-Dec-19 00:00:00.0000 UTC,4.667889683542913,24.810876656635994,0.5766248437269285
A.D. 2022-Dec-20 00:00:00.0000 UTC,4.644815885848297,24.789896573750664,0.5802996230657638
A.D. 2022-Dec-21 00:00:00.0000 UTC,4.622502570876703,24.76828291654145,0.584164872832716
A.D. 2022-Dec-22 00:00:00.0000 UTC,4.600987834986915,24.74619851158919,0.5882183054974954
A.D. 2022-Dec-23 00:00:00.0000 UTC,4.5803071966864595,24.723806702205227,0.5924573791597285
A.D. 2022-Dec-24 00:00:00.0000 UTC,4.560493313356233,24.70126948011783,0.5968792809622284
A.D. 2022-Dec-25 00:00:00.0000 UTC,4.541575634874901,24.678745357085592,0.6014809283533649
A.D. 2022-Dec-26 00:00:00.0000 UTC,4.523580076996936,24.656387232884043,0.606258995339505
A.D. 2022-Dec-27 00:00:00.0000 UTC,4.506528811836793,24.63434058821418,0.6112099619246536
A.D. 2022-Dec-28 00:00:00.0000 UTC,4.490440236438537,24.612742241456832,0.6163301761669824
A.D. 2022-Dec-29 00:00:00.0000 UTC,4.475329116289136,24.591719713344062,0.6216159152852007
A.D. 2022-Dec-30 00:00:00.0000 UTC,4.461206850393334,24.57139107227207,0.6270634358476
A.D. 2022-Dec-31 00:00:00.0000 UTC,4.448081790739863,24.551865067442098,0.6326690094910243
