sun,moon
250.4417527455866,76.95947421862165
250.47796410658654,70.7691851631175
250.52163331077787,65.07875724131037
250.57274337609806,59.32874457599674
250.63127594465436,52.91535853909993
250.69721068230243,44.966798071122106
250.77052471668344,33.958694892645894
250.85119244082813,17.137029046700743
250.93918537960016,351.36793810305744
251.03447212854516,320.7537421021371
251.13701841623597,296.77551396415106
251.24678724699947,281.5788263720299
251.36373885366118,271.81592735449925
251.4878305232349,265.013512803532
251.61901686603795,259.8582425212221
251.7572497754696,255.6418703562781
251.90247850450515,251.94080863875897
252.05464973410432,248.4578307320588
252.21370724848657,244.93170269230103
252.37959189598087,241.0611058199465
252.55224152998252,236.3950450320661
252.73159071592772,230.09682992763274
252.91757038346324,220.30928215038904
253.11010756622272,202.35873168371947
253.30912499919765,167.61436078988095
253.5145408304924,126.89023276381835
253.72626842408656,103.39077977060836
253.94421632090658,91.31594345162037
254.16828900138748,84.09554524222273
254.3983880945582,79.0753786535813
254.63441386009737,75.11689999770113
254.87626615230965,71.62557878898276
255.12384453177043,68.19385879873273
255.37704807328578,64.42089326442303
255.6357748483768,59.73351190388336
255.89992153348015,53.02736244734625
256.1693833802252,41.62964395776431
256.4440542753068,18.251258661388047
256.7238269246553,334.58634008392767
257.00859302843065,298.4199844120402
257.2982431927412,281.3265797175304
257.59266695894706,272.59484392578116
257.891753045625,267.3161058980535
258.1953894360005,263.6797324655549
258.5034633871424,260.90665228251993
258.81586152120076,258.59850926092156
259.1324698409482,256.50947294474344
259.45317366976684,254.44626106329954
259.7778575009918,252.20249181334546
260.10640473257786,249.47634191592792
260.4386973141063,245.6882613865628
260.7746153135233,239.40265836988868
261.1140365807351,225.7939946693159
261.45683656103137,184.36267236109836
261.8028881470411,122.94035919922653
262.1520618003213,100.75957991118493
262.50422613824503,92.18395235546915
262.8592488183661,87.62747847098746
263.21699743973323,84.66433734442022
263.57734025869684,82.43481622860917
263.9401466890311,80.53602803581914
264.3052871337596,78.71614331751648
264.67263222560973,76.74948202912651
265.04205248377485,74.3368888129183
265.41341824096565,70.92580287341197
265.78659948945,65.16378932335456
266.16146624488556,52.49906912863626
266.5378887679772,12.483015054933542
266.91573743711297,308.52001418414665
267.294882888133,285.99454882126
267.67519613056106,277.6777675037211
268.0565486332412,273.4347150035915
268.4388124251809,270.8034787508883
268.821860163296,268.9380899232804
269.20556526703825,267.46215309017487
269.5898019806023,266.1660776488822
269.9744452400276,264.8983215356105
270.3593704268023,263.5065295027443
270.7444530004915,261.7740577962486
271.1295679800466,259.2847871703387
271.5145894537927,254.9791484173494
271.89939026389516,244.9474548250536
272.28384191089776,203.6159604868797
272.6678147761065,124.17300788211789
273.05117873664653,105.03962491788491
273.433803501158,98.70013806419888
273.8155600996992,95.50286799596762
274.1963211245574,93.47893265378544
274.5759604661721,91.97625868548819
274.95435378301613,90.6991264157537
275.33137804871706,89.46764323632534
275.7069110586099,88.12684025058049
276.08083123509863,86.48323729163745
276.45301754255007,84.2066010838251
276.8233495024537,80.56862213655945
277.19170735123816,73.44822533654555
277.5579722638966,53.64181604013383
277.92202646897766,345.98495772599546
278.2837533280986,302.0378793611414
278.6430374364206,289.8134488400933
278.99976464259316,284.56195293847856
279.3538222402088,281.57616254331367
279.70509927610385,279.5483663635507
280.0534866570509,277.96693939961676
280.3988772237616,276.57039543995285
280.7411658194506,275.1799839945574
281.08024889985376,273.6210259216008
281.4160236616225,271.64752110529645
281.7483871899144,268.78994666005184
282.07723606298646,263.8697622266429
282.40246623053497,252.7116413984421
282.7239732662867,212.25035013576354
283.0416529907583,139.63130522975493
283.3554021584103,118.35489990561139
283.66511921937445,110.91786108065034
283.97070467062036,107.06091138811837
284.2720611667454,104.54457876811338
284.5690935299141,102.6151701145093
284.86170861667927,100.92928350522722
285.14981491620944,99.27924233374819
285.43332229497366,97.49087751582147
285.71214210075743,95.35844799202572
285.98618715052504,92.55877874903821
286.2553717607853,88.4591121763101
286.5196119386733,81.53727602273217
286.77882561903107,67.16492771830382
287.0329327333592,30.259084275683694
287.28185527319556,336.757242212163
287.5255175488394,312.0282027824323
287.76384647514664,301.61083468999925
287.9967717203475,295.9234344036876
288.22422600311853,292.13785803671567
288.4461456469017,289.2073311798629
288.66247068537064,286.6309424152565
288.8731445831667,284.0894748847353
289.0781135950699,281.2915939184521
289.27732559798284,277.8495540715658
289.47072916386213,273.0615189608314
289.6582728984513,265.30331814746927
289.83990557449897,249.84843994997217
290.01557680067947,213.06286502862216
290.18523772984577,162.8003901770142
290.34884187121713,138.02436147102387
290.5063454718631,126.95548960453013
290.6577075203831,120.69806616020101
290.80288962872345,116.42821681603887
290.94185598917835,113.07373975893961
291.0745733283006,110.12478359557431
291.2010106432387,107.27464664548515
291.3211390057627,104.27963019000842
291.434931682963,100.87732589695878
291.5423643705543,96.69976207121495
291.64341523495887,91.11995084951383
291.7380650536934,82.90374118265758
291.8262973989398,69.37931857014256
291.9080988140431,45.37877096483243
291.98345894904264,10.027814901743222
292.0523707914887,340.19686178817625
292.11483102546157,322.73634242668857
292.17084038988406,312.32862615683695
292.2204043432593,305.2640980910991
292.2635335289094,299.80379921006806
292.30024383345835,295.0631627132935
292.33055602050746,290.4879613321636
292.3544946366376,285.60759242868977
292.37208640575443,279.8578206309112
292.38335881739033,272.3407319430172
292.3883396243475,261.3480393636558
292.38705712041,243.51347786578003
292.3795408672637,214.83789594414682
292.3658224272231,181.7375769274033
292.3459356363025,157.99551126639778
292.31991661242614,143.6308971162095
292.2878036723095,134.34139105953642
292.2496372223754,127.61393951936206
292.20545955430913,122.20531273422547
292.15531479275074,117.44915252013313
292.0992487811955,112.92975335391756
292.0373089634796,108.32873184777954
291.96954463007404,103.33561029643747
291.896006870562,97.57045901615945
291.8167485255656,90.48366982488142
291.7318244019031,81.20042412131427
291.641291412037,68.32444839823366
291.545208755271,50.08558534050748
291.4436380669031,26.31782576529775
291.3366437724201,1.6970769109983188
291.22429351128335,341.8026536414
291.1066585848158,327.3632872042959
290.9838146455825,316.6630135385684
290.85584218677155,308.12753777845415
290.72282661088883,300.70388786542355
290.5848574528826,293.66484888683084
290.4420266385486,286.41066036498347
290.29442659590285,278.3113127808593
290.1421488620186,268.55353929153085
289.98528357042596,255.99476164082088
289.82391965792795,239.2492807940208
289.65814522451825,217.83323104133675
289.4880477671722,194.48170940991957
289.31371417195027,173.9358966032738
289.13523057040186,158.1586735166202
288.95268222197507,146.31596137758004
288.76615343347805,137.06231149697913
288.5757275045021,129.38236168285013
288.38148666880744,122.59930674125869
288.18351195486184,116.2467232374454
287.9818831550732,109.96563973641264
287.7766788489066,103.43245339498269
287.56797634794464,96.30169574775728
287.35585181125276,88.15094334861747
287.1403804373944,78.42619824364608
286.9216367149027,66.42119666997385
286.69969475978235,51.426409212099884
286.47462867731923,33.3194788499345
286.24651299049424,13.46440109106552
286.0154231556539,354.42501826560846
285.7814362735466,338.02647271419306
285.5446318231406,324.4690881383482
285.30509202065963,313.08452062539817
285.06290160280236,303.0733199510681
284.818146878648,293.74342573866176
284.5709141108107,284.50704132471674
284.32128787330186,274.8188754541064
284.0693499159643,264.1202945073895
283.8151785694557,251.82936268812878
283.5588486463381,237.45397206856455
283.300431586964,220.93308858307728
283.0399953927769,203.08860837044043
282.7776046229195,185.53280156486804
282.51332038596223,169.71359700187475
282.24720040468185,156.16824751455096
281.9792992414144,144.68649294936037
281.70966829676826,134.77915255636506
281.4383558581967,125.95238865199197
281.16540719046935,117.78718174989879
280.8908644007918,109.93408875530635
280.6147664804314,102.08413163774333
280.33714970074084,93.93617945213887
280.0580479938528,85.16562691185455
279.7774932109151,75.3978721735526
279.49551548860245,64.20036048191837
279.21214398851265,51.13399636539238
278.9274078472984,35.94116491789702
278.64133682497754,18.900607642652098
278.35396193670033,1.0705242831820865
278.0653163246177,343.89479920761687
277.7754358720038,328.3744825703942
277.48435936181045,314.7219989619545
277.19212807961884,302.62733359125815
276.8987849675984,291.6041569359318
276.6043734053428,281.1652137028616
276.30893617551965,270.86833865475614
276.01251487831837,260.3125374048547
275.71514946174733,249.13097665516773
275.41687783941177,237.00904018477257
275.11773560343346,223.75016373768145
274.81775593081244,209.39247560334198
274.5169696640039,194.31308812306608
274.2154054082422,179.1828176262241
273.9130898522117,164.71392631140117
273.6100480368592,151.377797312741
273.30630336909877,139.309618682468
273.0018778155324,128.39357539762761
272.69679201157015,118.39034439156691
272.391065189348,109.02284128217379
272.0847153101768,100.01226136945473
271.7777593672047,91.08243565974071
271.47021382103634,81.94817738986255
271.16209512504383,72.29692701305338
270.8534206152934,61.771672438774026
270.5442097512532,49.97098455625051
270.234485052039,36.50335628429545
269.92427295918645,21.157481994586906
269.61360463849843,4.200094942339529
269.30251641781354,346.5664320223376
268.99104992593254,329.5356554087451
268.6792518974138,314.0434098550118
268.3671738794013,300.35283032411877
268.0548715364791,288.2422083855168
267.7424038204894,277.30258596208614
267.4298326054644,267.1081635536419
267.11722217846983,257.2704760814066
266.804638668435,247.43894200246115
266.4921495977971,237.28738783806324
266.1798234296442,226.5071816061792
265.8677292452454,214.8230103611007
265.5559367392409,202.04854642932347
265.24451620164166,188.1879675297715
264.93353857940156,173.54000559986542
264.6230757145942,158.69191518450634
264.3132004340524,144.32532937278535
264.00398642716266,130.94777166365643
263.69550802096336,118.75714573153847
263.38784010130854,107.68497664907872
263.0810579781451,97.50901528902409
262.77523741051243,87.94101875474419
262.4704550869257,78.66662034855898
262.1667893815556,69.34877997099619
261.8643214317458,59.60967153185434
261.5631364363723,49.00337426925423
261.26332472079963,37.000237808605505
260.9649823843492,23.03948616503585
260.6682114907757,6.769930755060143
260.3731198914769,348.549674739468
260.0798208912832,329.7800181799507
259.7884326821643,312.26145499568463
259.4990776890899,297.0522165830664
259.2118820284585,284.20767429188965
258.92697510196825,273.2661728170065
258.6444892516215,263.6703488128575
258.3645591197361,254.92554221608313
258.0873210652907,246.615633419399
257.8129124751971,238.37289859896248
257.5414710215322,229.8389462682678
257.2731342463806,220.62779159283932
257.008039090147,210.30050405035516
256.74632168780914,198.37928902849418
256.48811724251243,184.4685070057795
256.2335598087512,168.56395607336225
255.9827820616448,151.43299469009318
255.7359148974661,134.52573368196352
255.49308702784094,119.16868299552294
255.25442453642705,105.89970353431254
255.0200503905716,94.55945659221538
254.79008425777724,84.68638593889783
254.56464287846143,75.76907968457574
254.34384104317022,67.32129781566312
254.12779291058237,58.8644681863496
253.91661322766274,49.868617351508156
253.7104182234454,39.668318653971816
253.50932576043766,27.376737892636907
253.31345492683184,11.928653494578285
253.12292539337778,352.6869902663689
252.93785669551445,330.9326202761489
252.7583677081679,310.1407389090456
252.58457624557875,292.9901438162342
252.4165987644456,279.6962147858256
252.2545499694753,269.312172876215
252.0985424899029,260.8655308452276
251.94868661536293,253.6325684072583
251.80508991893106,247.09583460555956
251.6678566572954,240.8569800420755
251.53708714535398,234.56090678616394
251.41287739444206,227.82688805426798
251.29531883813468,220.17013374637673
251.18449806327988,210.8972294692932
251.08049658078951,198.98811467572543
250.98339069508907,183.15073658459102
250.89325133451547,162.74918703620008
250.8101437827331,139.96320523269705
250.73412732449157,119.33816210947026
250.6652548433874,103.27767241041637
250.6035723813516,91.24686804825905
250.54911911798854,81.93327763964724
250.50192816375989,74.26038857636337
250.46202790912182,67.46038247688004
250.42944368584924,60.938718907099265
250.40419909953297,54.128045570589784
250.3863164014924,46.3254610118416
250.37581619849243,36.45061758555296
250.37271687753875,22.671108636091798
250.37703415615775,2.3341688698629435
250.3887807497503,334.9717818601073
250.40796615952172,307.93129175605594
250.43459674745634,288.2471469591022
250.4686758302012,275.2218458945332
250.51020360067136,266.24565826543386
250.55917688204954,259.5772233614997
250.61558919018478,254.23632034680853
250.67943070232266,249.64902833476913
250.7506878723681,245.43742366361784
250.8293432535656,241.3029866784108
250.9153753146559,236.94626701860946
251.00875832584927,231.98111328587765
251.10946215526556,225.79228340545748
251.2174522143733,217.231750066805
251.33268946184353,203.94007606636535
251.4551301725482,181.5263675750331
251.58472582905458,148.4629446898725
251.7214229075633,118.3039751915121
251.86516254973577,99.60471840724595
252.0158804802904,88.39142468920774
252.17350738836632,80.94086098760934
252.33796991440659,75.39015082754302
252.5091921775997,70.7868369506633
252.68709725111074,66.55045859264587
252.87160781519333,62.2089054083224
253.06264598244192,57.205830502965625
253.2601327041394,50.616394888920276
253.46398708155087,40.45577713868646
253.6741261702469,21.782238356708334
253.89046519551,346.0679961852449
254.11291756629885,306.14754992506215
254.34139500785338,283.7427138354522
254.575807761575,272.29573565467774
254.81606450969528,265.55056316218725
255.0620724323671,261.011129030165
255.31373718889822,257.62241590045244
255.57096284687373,254.86662999417283
255.83365196968143,252.44452799985152
256.1017054386324,250.14493328599687
256.3750222645842,247.7745260532634
256.6534994790491,245.09539550390718
256.9370319827899,241.72333382815034
257.22551244926257,236.8765610005702
257.51883122576385,228.5558413633378
257.81687611353664,210.16273361981789
258.1195322368994,163.0418822369871
258.42668195582684,115.13824863874795
258.7382046670809,96.37401743237236
259.0539770000073,88.0149067076867
259.3738734756456,83.24476684844838
259.6977675585015,80.00369664246189
260.0255330380311,77.47946905835002
260.3570449460623,75.25390839784271
260.6921794566684,73.02908415168586
261.030813110489,70.48334868417626
261.37282199654913,67.09191532372209
261.71808142143027,61.65174303808226
262.0664658665071,50.305076631574174
262.4178492842705,15.565947117887541
262.7721053876548,308.40078686335494
263.1291077890876,282.4264670989797
263.4887301203648,273.3138077663324
263.85084598169846,268.8181913783383
264.2153290951688,266.10402924999585
264.58205322810846,264.23679058624356
264.95089213939684,262.81652753179605
265.3217196292535,261.633353040312
265.6944094499511,260.55140283145226
266.06883527099535,259.45623982626995
266.444870409603,258.215999928228
266.82238762802643,256.6248768514614
267.20125907253555,254.26469396014897
267.58135602508025,250.0198303126152
267.9625486307903,239.46684496837162
268.3447057564679,189.70138861932287
268.72769495845273,113.41201411316825
269.1113827085553,97.89063746934762
269.49563483546194,92.57324145262119
269.88031721677146,89.8638361775488
270.26529687169534,88.15090225095221
270.65044280990213,86.88121164941045
271.03562616573623,85.79184829798392
271.42071976546384,84.70761827095257
271.80559720903847,83.45170704425377
272.19013215398184,81.75373630200305
272.57419815578163,79.03213388073037
272.95766880640605,73.5355867003675
273.3404180867899,56.43396761520079
273.72232072836584,332.9731379503648
274.1032523038582,290.35183896836867
274.4830892905237,281.1443912816644
274.8617091539559,277.4090535941704
275.23899036538796,275.3819926086679
275.61481241880483,274.08101264406395
275.98905583763457,273.1331184790093
276.3616023269841,272.356014915313
276.73233471976584,271.6364839566196
277.10113669157147,270.88077336021183
277.4678929893838,269.98100986782356
277.8324874145175,268.76882351980413
278.1948061104955,266.90433798013936
278.5547337829106,263.49413796667767
278.91215502036493,255.0733436960864
279.26695395692224,213.2957459787363
279.6190145676195,124.37103875441821
279.96822109762655,108.28402292568984
280.31445853042874,103.20322180995286
280.6576134844763,100.65878572824921
280.99757490623944,99.0309582203868
281.334234371125,97.78415813798205
281.66748570329923,96.66665057151572
281.99722434145286,95.51005405388531
282.32334681591806,94.14529052671283
282.64575029651525,92.32430360068805
282.9643326084313,89.55889386964954
283.2789926007843,84.59622643874096
283.58963054887505,72.8950995291192
283.896148355103,29.451788080180208
284.19844974986574,319.59569946437284
284.4964403928882,299.8329259408972
284.7900277958983,292.82385234409827
285.07912149229423,289.2211607065752
285.36363326298596,286.9231969287862
285.64347727858296,285.2135256881255
285.9185701156489,283.767074417869
286.1888306477275,282.39231426008297
286.45417995595636,280.93583269590965
286.7145411286444,279.2240266782005
286.96983879120904,276.9889680461013
287.21999852281255,273.69985233166517
287.4649465321252,268.01882364979474
287.7046095303369,255.342776210925
287.93891478022306,214.1604782492173
288.1677905684322,149.02844653194956
288.3911668106988,126.95366847247155
288.60897562219014,118.62492557599829
288.82115190216047,114.13131873366669
289.02763350342326,111.08787670760847
289.2283610853958,108.65766563661924
289.4232777176081,106.44175749884728
289.61232824239835,104.17929579135777
289.7954591115964,101.62470607209853
289.97261843815664,98.45108504155424
290.1437561548041,94.09243036102158
290.3088244641296,87.35047665742364
290.46777818713025,75.18808111717563
290.6205749843847,49.38209861195535
290.7671754581034,4.314067296991841
290.90754330393355,331.1859717777616
291.04164546708614,315.6267389558485
291.1694522043671,307.33134701468373
291.29093737417753,302.02074438326355
291.40607868070526,298.07968073205427
291.5148578169788,294.777001702877
291.61726063169147,291.70006058614837
291.71327679824304,288.54112500580817
291.80289917512573,284.97904288101284
291.8861231527704,280.55314125552707
291.96294585189133,274.41890677567045
292.0333655080367,264.70467085997325
292.0973814007986,246.6993512833819
292.15499421253224,211.77026328046864
292.206206613826,171.026414289992
292.25102379672734,147.49588172458812
292.28945372640214,135.24540055444146
292.3215071432502,127.7423830031618
292.34719738690467,122.35205378042424
292.36654010553025,117.94535200982668
292.3795528439685,113.93957958090174
292.386254859763,109.95434846093833
292.3866672621106,105.65886868499022
292.3808131748524,100.66841929832968
292.3687180022343,94.42202299263207
292.3504098134794,85.9761767886817
292.32591963226133,73.65329527567506
292.2952815308897,54.85752242267565
292.25853285880356,28.503721817177855
292.2157143290696,1.1279463759195805
292.1668700444835,340.6211290935468
292.11204777893755,326.93595508638435
292.05129918274076,317.40165252434304
291.98468018512864,310.13149837425595
291.9122513040832,304.0360543938527
291.8340775723919,298.44285802283383
291.75022818946405,292.8519151069092
291.6607755682391,286.77803504708686
291.56579393724996,279.60273090013226
291.46535818855057,270.3634753973923
291.3595433207503,257.4259977910462
291.2484244771543,238.35054049041037
291.1320770995272,212.14075699008328
291.0105771547771,184.74609568354813
290.88400133846307,163.70264010645556
290.75242695319236,149.3099145179882
290.6159315730966,139.09763572296131
290.4745927107425,131.2208949977712
290.32848762578243,124.60109465401811
290.1776931605848,118.58898111705575
290.0222857205873,112.74123018601512
289.8623415521495,106.69385728176627
289.69793695420435,100.07971328394083
289.5291484687753,92.45862480528383
289.35605316575067,83.24820636718074
289.1787289673953,71.68197981263853
288.99725468398947,56.93850981978587
288.81170993139347,38.78266531138239
288.62217551321544,18.670678488439485
288.428733620988,359.5097868880601
288.2314678897211,343.3318358879655
288.0304637957535,330.28164199310237
287.8258092762416,319.5820029384514
287.61759504520836,310.37339806467395
287.40591444840686,301.94663244338375
287.19086297513314,293.7161710303441
286.97253704778603,285.13536938315445
286.7510324356913,275.60542695803866
286.5264429840492,264.39380699673575
286.2988599299979,250.62643882288228
286.06837177560874,233.58373606913113
285.8350642973389,213.62503169771114
285.5990204400598,193.0142757767424
285.360320108738,174.5660956781608
285.1190399521086,159.45632452307342
284.8752531848483,147.30108215517933
284.6290296033622,137.25860374261524
284.38043580723576,128.5805694580758
284.1295351703964,120.70429871479715
283.8763880183439,113.2073674863672
283.62105209500584,105.74801235702934
283.363582852295,98.01642817847815
283.104033547778,89.69712001101328
282.8424556304876,80.44188639669132
282.5788991456012,69.86301355120099
282.3134129520834,57.577644819332455
282.04604510100035,43.359263412566776
281.77684314074554,27.415492879696338
281.5058544297921,10.595217111242585
281.2331267139867,354.1323292545531
280.95870869682534,338.99132543899805
280.6826505402412,325.4878278766346
280.4050043928029,313.42345531706366
280.125824579062,302.37226712327464
279.8451669775817,291.857271085567
279.5630878128614,281.4081030977687
279.27964229431126,270.5617684337586
278.99488367431996,258.85637949622026
278.7088628208202,245.8613314972532
278.421627599725,231.2959018236835
278.1332225498549,215.25959175749517
277.84368869249386,198.43278966220504
277.5530631801159,181.91857012969015
277.26137932326,166.69143924364886
276.9686670614357,153.1842657384327
276.67495319263764,141.33264579381188
276.38026160384254,130.8273105481593
276.08461383118777,121.30417992102815
275.78802921026295,112.42479188515249
275.4905251535369,103.8918403925199
275.1921177248389,95.43863123073798
274.89282203961045,86.81099536559108
274.59265252907363,77.74893358754773
274.29162338816406,67.9724140422566
273.9897492384297,57.179216458336256
273.687045614758,45.07227788608667
273.38352945631243,31.445216399649244
273.079219691959,16.341730346307337
272.7741378701101,0.21601871567407335
272.46830891700495,343.8940607802869
272.1617617124386,328.23456358227185
271.8545294275263,313.75413460343316
271.54664963182773,300.5316573179651
271.23816383730014,288.34838530770395
270.929116657102,276.8557985978048
270.6195548738472,265.67458126814313
270.3095267234016,254.4341693196905
269.9990813749241,242.78833086408585
269.688268043397,230.43736637647675
269.377135123112,217.18002132944986
269.06572985043454,203.00181305922985
268.75409819196915,188.16169716880353
268.4422849702823,173.18281433561646
268.13033429977224,158.68375431013254
267.8182900873393,145.14303890089803
267.50619630334404,132.7708523468898
267.1940971939422,121.53660498362137
266.88203770294723,111.26652584754724
266.57006372860604,101.72761097386446
266.25822223546834,92.67262161437033
265.94656155550507,83.85391562504932
265.6351318630046,75.01897756921908
265.32398578085775,65.89631818994461
265.0131789856201,56.17719696328274
264.70277078372055,45.50044122362415
264.39282476576744,33.45876962831345
264.08340933552483,19.670112654938556
263.7745982078844,3.979358930504422
263.46647087010825,346.7758573709638
263.15911278292,329.1234975100977
262.85261539407867,312.31521919244057
262.5470759169513,297.1753281973867
262.24259690223295,283.83961575055815
261.93928570660637,272.0085353093328
261.6372539477197,261.2358056338283
261.33661680258876,251.07204640278962
261.03749213267054,241.1011545651552
260.7399993905654,230.93280161218857
260.4442585051658,220.18926046958603
260.1503891330798,208.51227304750353
259.85851031648076,195.61845569594496
259.568740598627,181.42811461001725
259.28119811297796,166.23374726667146
258.99600071032484,150.74647286299341
258.7132662348266,135.85136465092057
258.43311252179785,122.21040718019745
258.1556573086989,110.06293560848222
257.8810181471491,99.30542169930183
257.6093123404543,89.66263998524208
257.34065698327396,80.80724942750946
257.0751692269891,72.4075519135315
256.8129668238556,64.12842967774269
256.55416872020055,55.60615983766922
256.2988957208915,46.40582614008039
256.04727091124226,35.966649606441614
255.79941989634904,23.561354172304544
255.55547101484584,8.382739085781525
255.3155551568,350.0437280470113
255.07980554147304,329.5834118756672
254.84835731006126,309.6186039431199
254.62134687917992,292.39819169219584
254.39891157610958,278.40919846035047
254.1811894606963,267.0369219313324
253.96831890260967,257.46515963362344
253.76043785877482,249.0057157046376
253.5576830882047,241.11776438793515
253.36018913134382,233.34696644736928
253.16808714698286,225.2562660321714
252.98150401084908,216.35968638796953
252.80056196090868,206.0646738871721
252.62537854435647,193.6638380737752
252.4560666159437,178.51866003783914
252.29273434949116,160.66775510831397
252.13548525394702,141.588712797591
251.9844181389802,123.7030081432911
251.83962699746488,108.59507690211937
251.70120085340977,96.38683092648304
251.56922360081074,86.46536790079668
251.44377405108187,78.1232724018427
251.32492646818054,70.7636588978837
251.21275132525471,63.895940714981116
251.1073161474559,57.07141340661693
251.00868635740665,49.7962616642093
250.91692575009168,41.40850227070887
250.83209659596315,30.882746999206773
250.7542593718268,16.573798465147547
250.68347245629113,356.41341785406286
250.61979177274748,330.5956466099144
250.56327034448043,305.1882324553165
250.51395820686295,285.83483152816973
250.47190248955323,272.3483042395629
250.43714744611327,262.6601944816858
250.409734379318,255.2071560126806
250.38970134777847,249.03605468970787
250.37708269323997,243.54893139089336
250.37190838278116,238.31786268355083
250.3742033304429,232.96580372153647
250.38398695849486,227.06762291779935
250.4012729922932,220.02619341010154
250.42606943671757,210.86745424430157
250.45837869383422,197.91419823312876
250.49819765117437,178.72069868889486
250.5455177108709,152.63127537247266
250.60032499173207,126.09049902932092
250.6626002727394,106.2283354832015
250.73231873283913,92.94560162617348
250.80945015111553,83.78005809881024
250.8939593484268,76.95750923150119
250.98580680626895,71.44025985925461
251.0849496920116,66.58876082941362
251.19134303036415,61.93331908960215
251.30494051919405,57.01773871689669
251.4256946654116,51.22916330839042
251.55355643209,43.47981482506322
251.68847471280793,31.412983352078253
251.8303958783952,9.643568689844912
251.97926376803412,332.82361250543863
252.13501975483052,297.86474066331095
252.29760285728324,278.16586512336454
252.4669500171009,267.35052243708367
252.64299625280458,260.58774031547864
252.82567461460852,255.81410040292067
253.01491606748272,252.09416027770524
253.21064926634716,248.93758886349787
253.41280024827932,246.03647228313162
253.62129212588363,243.14539432976596
253.83604477756612,240.00193295607173
254.05697476502678,236.23080361538274
254.28399533710035,231.14953547973374
254.5170163668976,223.23708521005156
254.75594444659689,208.41234767736668
255.00068296858475,176.1289512643738
255.25113217562895,129.53957353083518
255.50718913842658,102.5286817033416
255.76874770690603,90.05459091343833
256.03569876254574,83.21151436621619
256.3079307067755,78.7848337601135
256.58533021098106,75.52585438789586
256.8677833582682,72.84054180738514
257.15517672994724,70.3676640314283
257.44739769394596,67.79922404957874
257.7443338986695,64.73847632244723
258.0458723643655,60.43752046993914
258.3518987781318,52.936387879049775
258.6622972940313,34.86601194703219
258.97695084894406,338.89219598564523
259.2957415586656,288.66799528213437
259.61855092287766,272.93246857379705
259.945260068255,266.31276006038973
260.27574982759575,262.6644786071925
260.60990062014446,260.3005239862192
260.94759248357576,258.5866065529105
261.2887050402337,257.2236081965969
261.63311719673067,256.039172466768
261.98070686723065,254.90803858448288
262.33135082625273,253.70821868751787
262.6849246569622,252.27664875348842
263.0413027131526,250.32424302057441
263.4003580891968,247.18913137047247
263.761962626193,240.81232676069945
264.1259868996833,220.5801269923499
264.49230013918856,137.22439077158995
264.8607702731384,99.76136861452578
265.231263990989,90.68599153877119
265.60364697083514,86.83592139991845
265.97778460900355,84.68955365647162
266.35354291853696,83.27519672677589
266.7307894363452,82.20564247144458
267.1093938416639,81.27333276951896
267.48922775747167,80.31944837384478
267.8701636323808,79.15466991374838
268.25207350025164,77.43328799355406
268.6348286320967,74.23598357560554
269.01829978759486,65.59824550827494
269.4023575734182,6.732983166881306
269.78687296090436,285.759588425908
270.17171762623354,275.03308005276836
270.55676394674856,271.51885397738977
270.94188500716706,269.82859865466355
271.32695466630497,268.85679451643244
271.71184739744405,268.23049233525325
272.0964381545282,267.78341943448487
272.48060247969926,267.4231204060681
272.86421633103384,267.0842615428671
273.24715584839697,266.70498868123235
273.62929727421107,266.20523448095565
274.01051686576614,265.44822135406736
274.39069087343245,264.13465478838344
274.7696953665322,261.38832990061303
275.14740618813215,252.9513273916459
275.5236990106893,172.1783197158017
275.89844931823313,106.28925437412268
276.2715324960314,98.79997782149147
276.6428242843245,96.2103282114043
277.0122015395557,94.90897400948556
277.3795431137072,94.10003152074123
277.7447305642195,93.49382949019032
278.1076481788181,92.93922290488786
278.46818213205347,92.31811811289329
278.8262193238719,91.48569809886577
279.1816465350546,90.18023282277079
279.5343503174917,87.7479142285977
279.884217558422,81.751287435759
280.2311360767711,51.36221891406219
280.5749950159644,305.1505931507705
280.91568503750744,288.77961420609284
281.2530984508484,284.36354372800207
281.587129675982,282.35022003022596
281.9176732170976,281.18395468408147
282.2446277790891,280.38853429757245
282.5678919777197,279.76123142461694
282.88736627042596,279.1901918014074
283.2029527185857,278.59380776850594
283.5145547978775,277.89034365212206
283.82207719849015,276.9692207487084
284.12542564070554,275.63965734144887
284.4245067272176,273.4946747055357
284.71922791897305,269.4216824105328
285.00949742015996,258.90230708266665
285.29522406766534,206.70400878695526
285.5763174754161,131.12795871159418
285.8526883693738,116.42915931608876
286.1242491451841,111.26364654186779
286.3909145439626,108.50763240601825
286.6526021699389,106.63175878887547
286.9092326723301,105.09559712139644
287.1607294299413,103.62312707772445
287.4070175629782,102.00339813036338
287.648022913025,99.98764070453029
287.8836719722417,97.15642792480499
288.1138922793789,92.58043977565819
288.3386129756358,83.5470977102726
288.5577656085971,59.00499626029687
288.77128454489474,355.3848519016016
288.9791069571172,318.3074921633475
289.1811729508017,305.9963540135779
289.37742561592216,300.2139439544889
289.5678110029839,296.72200285006795
289.7522782844672,294.2217913585736
289.9307796427259,292.17959632361027
290.10327023074535,290.31553397058326
290.26970820955387,288.4388398553981
290.43005452652875,286.3723819523871
290.58427266752733,283.89172862491023
290.7323283179633,280.63025780761194
290.87418912033695,275.8536230684483
291.00982454056054,267.76690858292903
291.1392056312086,250.9270339629776
291.2623050434222,210.33601492148767
291.3790972964774,161.48637522422257
291.48955915381396,139.2263765285055
291.59367009542456,129.030759028006
291.6914126684569,123.0329961422344
291.7827725210351,118.74013510887119
291.8677379744816,115.16317205687896
291.94629931177474,111.78595951985395
292.01844820721817,108.23451883249822
292.0841774850575,104.11555156132805
292.14348142656445,98.8581916832353
292.1963565857545,91.42801987947855
292.2428024728476,79.67379710470009
292.28282216736045,59.18810737965806
292.3164225869186,26.354785341753985
292.34361444441066,353.74466120503644
292.3644123751941,333.44603589262107
292.3788349927343,321.6388566826602
292.3869048784253,313.9834074944734
292.3886485048804,308.37178328159246
292.38409625892433,303.78838990939647
292.37328259891507,299.6743896544075
292.35624579363974,295.6555590086995
292.33302763173276,291.40690690308696
292.3036730963793,286.55261503456643
292.2682297116447,280.5380670749904
292.22674696553565,272.390444403822
292.1792759023307,260.22176659681037
292.1258689678657,240.56403785979015
292.066580068102,210.8373806439739
292.00146468090225,179.75069028178117
291.930580052574,158.11035129087085
291.8539852508904,144.52267480597604
291.77174080018875,135.2591662033807
291.6839081912601,128.16659876447224
291.5905493975069,122.11865660219435
291.49172636440534,116.45313640845802
291.3875007673958,110.6905845447493
291.2779343453594,104.38108888355839
291.16308966814046,96.98879265798156
291.0430309152239,87.77199504015294
290.9178244594311,75.67737033378336
290.787539221681,59.48639758882067
290.65224693738674,38.939866417071855
290.51202205327365,16.694080205365076
290.3669415182698,357.0278411217797
290.2170848301286,341.7380653469043
290.06253400420206,330.1204684625559
289.90337361890033,320.9419568019599
289.73969093778135,313.2269262526824
289.5715759304738,306.2908046612741
289.399121101102,299.62461610113405
289.2224209910759,292.78681405694147
289.04157148532374,285.30921879383635
288.8566690594168,276.5972758045385
288.66780987813684,265.8136175336105
288.4750890956386,251.80994461845071
288.2786006407089,233.47837126244352
288.07843715421717,211.28283876235565
287.87468979082485,188.73626998759667
287.66744792460236,169.64300711467246
287.4567988325596,154.82500313082843
287.2428271915927,143.25738573210745
287.02561457675165,133.7580995877821
286.80523926161675,125.4500227201246
286.5817761716685,117.71887937474409
286.35529721077035,110.10395585838332
286.1258719576684,102.21284597733424
285.8935682946568,93.66280284578897
285.6584531382604,84.04553957792308
285.4205930521318,72.92965159201067
285.18005454348673,59.945912210070496
284.93690429187205,45.01634783946996
284.6912091200074,28.66959079856438
284.44303590950267,12.076149666690013
284.1924517033565,356.4933984573866
283.9395238365711,342.6128122013556
283.68432022563275,330.4614545044303
283.4269096691133,319.6943585426724
283.1673618970656,309.8572116551398
282.90574760239485,300.4995302552508
282.64213823043326,291.1909651391141
282.37660516363525,281.49732821244777
282.10921862782936,270.9473777468122
281.84004693710546,259.0171552045394
281.569156037895,245.18619714493042
281.2966090494689,229.16608383559242
281.0224658769899,211.33319629136537
280.74678280671594,192.97311052149254
280.4696119999771,175.69792333323025
280.191001054779,160.47785272761692
279.91099290553024,147.40185181980317
279.6296259246261,136.07709675377862
279.34693415459265,126.00351213534744
279.06294783271795,116.73040974731866
278.7776941562906,107.88411186819121
278.49119793392174,99.15132694138532
278.2034822296492,90.25493876604286
277.91456911767784,80.93441547620434
277.6244802503666,70.93638739379739
277.33323719887926,60.02253222364138
277.04086182354484,48.00591851045748
276.74737653545094,34.82447089868374
276.4528044175488,20.634575177545972
276.15716940241936,5.855008567713963
275.8604968110397,351.07304434847964
275.5628138254509,336.82902626565175
275.26414974679403,323.4318945524619
274.96453651717695,310.9204548262045
274.6640089669579,299.13464321364734
274.3626044850542,287.8046665264003
274.060362404429,276.6098074966726
273.75732320388846,265.20626354829574
273.45352785397125,253.24291337378727
273.1490172935806,240.39015095606163
272.8438316966629,226.41037219301137
272.53800962399555,211.2855912894601
272.2315872339003,195.35228514038363
271.9245978106615,179.29455092788083
271.617071751585,163.89334925703156
271.3090369508527,149.6979619885754
271.0005191767877,136.89045229194284
270.69154256043055,125.36945306341894
270.3821303858109,114.89598466651597
270.07230584967175,105.19521885565842
269.76209260546597,96.00177163956096
269.4515152045723,87.06991040424094
269.14059975108796,78.16761779371818
268.82937454320665,69.06494002501307
268.5178704739099,59.522106484212266
268.2061213504537,49.282434394704524
267.8941642267581,38.07884552889531
267.5820397367589,25.67021673113265
267.2697923591712,11.927740026957576
266.9574707953978,356.96794706609165
266.6451284811467,341.2513624655322
266.3328240328183,325.49942157952324
266.02062158107935,310.4065692956896
265.70859090100146,296.36886730177855
265.3968072214436,283.42795174753263
265.0853507665434,271.3793408085491
264.77430625727385,259.8993429941269
264.4637623406625,248.62255541365155
264.15381077138255,237.17557026545282
263.8445450386078,225.1953964406882
263.53605894599883,212.36331870613796
263.2284456456937,198.48247324832244
262.92179703190396,183.60388298853312
262.6162038059088,168.1317259602974
262.3117560208628,152.7631027990643
262.0085436488888,138.21567203399658
261.70665718024406,124.94342508930286
261.4061880549132,113.0571859168978
261.10722895421657,102.42341748796842
260.80987408160945,92.7951763586903
260.51421945762297,83.89584309262834
260.2203632395124,75.45239784673402
259.9284060420042,67.1975390384247
259.63845123279856,58.85550347417804
259.3506051909513,50.118690392209764
259.0649775330282,40.61871611347476
258.781681307002,29.900074949718704
258.500833155993,17.42650155986828
258.22255347413795,2.7035997638366465
257.946966533134,345.6466920784449
257.67420054757184,327.1006309445918
257.404387619672,308.7872077614471
257.13766351267367,292.2584476369446
256.8741673045391,278.0576463239582
256.61404106084746,265.9095461321034
256.3574295570125,255.23874363863706
256.104479759886,245.45612278484313
255.85533969014605,236.0278977908453
255.6101566761828,226.4539504765734
255.3690755222662,216.22492135233128
255.13223721953858,204.79530222846378
254.89977843275892,191.62569002628544
254.67183159239437,176.39213637135532
254.4485252825707,159.40855224032222
254.2299846591666,141.90738777423906
254.0163317602446,125.51714889648422
253.80768568579467,111.27676411597513
253.60416269670372,99.33072108330346
253.40587628753096,89.3082005141041
253.21293728513746,80.71037265025244
253.0254540138216,73.07729287964551
252.84353254167917,66.0153514261858
252.66727698121366,59.1710057854976
252.49678979492901,52.18492993205842
252.33217206833808,44.629642148249765
252.17352370282012,35.91837878762608
252.02094350395822,25.171312910541122
251.87452916091834,11.089475796446623
251.7343771200748,352.2481029500943
251.60058236064071,328.930848903623
251.47323810637235,305.31221140112547
251.35243556395966,285.94024503708715
251.23826381694565,271.5114069112676
251.13080993524147,260.66010588841147
251.03015911485585,252.0226815550413
250.93639443578866,244.64566082043055
250.84959594245154,237.86662785606075
250.76983919705464,231.15836654047837
250.69719382823206,223.9996223365538
250.63172258027706,215.7467318681952
250.57348102906704,205.4773125026977
250.5225177939127,191.85020927398662
250.47887497331743,173.41165437115842
250.44258859844558,150.5190181978362
250.41368900145963,127.53046852288814
250.392201073546,109.00860284058476
250.37814444772724,95.54165968021812
250.37153367736784,85.72747132059617
250.3723784697233,78.22625984884333
250.38068402840779,72.1344865726092
250.39645152361527,66.86078149455746
250.41967864890256,61.98046583337724
