pluto,sun,moon
290.02106108529165,281.724688088313,93.50678578170613
290.05734907470355,282.8271111543449,109.81758820191327
290.09369571154696,283.9280938668166,125.78788087606534
290.1300936924933,285.0275359199946,141.03556845633562
290.1665360807561,286.12533618898027,155.3829292180118
290.203016952081,287.22139143740793,168.84613027688812
290.2395338025167,288.3155961174289,181.56667111714182
290.2760952636571,289.4078429837377,193.74243960260458
290.3123861095631,290.4980241057679,205.58141365708775
290.34890961508825,291.5860319341045,217.27578461695762
290.38547111108323,292.6717602262159,228.98735072434047
290.42198629458875,293.755104767342,240.83706253973455
290.4584651700325,294.83596390318706,252.89585622153086
290.49490399229177,295.9142389377683,265.1781214289255
290.5312956064293,296.98983445790526,277.6422225497503
290.56763174522166,298.06265863796705,290.20269876080806
290.60390370052767,299.1326235624277,302.75477406722035
290.6401025777598,300.1996455847987,315.20533833634425
290.676219400403,301.26364572438115,327.50057161327885
290.712245194959,302.3245500917056,339.64246893072806
290.74817102356195,303.3822903329248,351.69267401746714
290.7839880222437,304.4368040931414,3.7670289592445356
290.81968743150566,305.4880355148704,16.025008350025526
290.85526062524167,306.5359358023668,28.655312323221157
290.89069913952704,307.5804638832754,41.85441529227398
290.92599470102147,308.6215871711272,55.791116598544846
290.96113925198165,309.65928236237465,70.55131704166467
290.9961249652724,310.6935360907887,86.07092813637921
291.0309442397215,311.72434514641606,102.09340134724972
291.06558966651835,312.75171593081615,118.2057733967867
291.10005396391074,313.7756629632143,133.96528051091283
291.13432988959255,314.7962065839575,149.04455075090524
291.16841015155904,315.8133703622304,163.30374724640203
291.2022873404823,316.8271788569269,176.77162671691755
291.2359538973605,317.8376561945336,189.5827390378225
291.26940211578784,318.8448255583169,201.91731879670806
291.30262416774895,319.84870937343527,213.9609058692932
291.3356121393017,320.8493298549519,225.8811084738378
291.36835806577926,321.846709631177,237.81403764922914
291.4008539611729,322.8408722670646,249.85506434666544
291.43309184047797,323.83184261792195,262.0523049762325
291.46506373623373,324.8196470149406,274.40451452094237
291.4967617115797,325.8043133229736,286.8666463670178
291.5281778723807,326.78587092831424,299.36511563847847
291.55930438071266,327.76435071863415,311.8208865984802
291.59013347141047,328.73978511274964,324.1743332265539
291.62065747253325,329.71220818544043,336.4047279316264
291.65086882961333,330.6816559130719,348.54011055911843
291.6807601325942,331.64816654261983,0.6576310908341926
291.7103241436974,332.6117810660707,12.87698543398997
291.7395538242453,333.57254377073804,25.34905697881206
291.7684423586661,334.53050283668705,38.239262100785346
291.7969831742326,335.48571096092905,51.702185416913466
291.8251699550728,336.43822599285295,65.84348774840431
291.8529966483271,337.3881115519633,80.67092608595249
291.8804574590915,338.3354375577118,96.0517924905388
291.9075468297471,339.2802805380048,111.71076378446098
291.9342593998541,340.2227235291797,127.29364584600201
291.9605899463771,341.1628553896314,142.4755563650622
291.98653331060603,342.1007694669177,157.05067877234245
292.0120843250493,343.0365617677356,170.95865482588604
292.0372377563083,343.9703289800321,184.25571583289369
292.06198827565055,344.9021667595221,197.06572570826083
292.08633045958294,345.83216857448787,209.53716868974777
292.1102588135902,346.76042518232936,221.8139263931566
292.13376780779555,347.68702461777815,234.01754842480534
292.15685191417094,348.6120524827,246.2368281585276
292.17950563872853,349.5355923360548,258.5222762379239
292.20172354621394,350.457726042356,270.88538703709133
292.2235002777826,351.37853400430055,283.30383782335537
292.2448305637863,352.29809525892273,295.7332299162201
292.2657092344685,353.21648745378684,308.12389969580636
292.2861312314662,354.13378674536165,320.4390639734217
292.30609162272566,355.05006768068915,332.66984379780246
292.3255856227453,355.9654031366825,344.84410582400847
292.34460861887624,356.87986439494216,357.0284339198817
292.3631562027442,357.7935214174708,9.324161994192055
292.38122420396536,358.7064433561136,21.85834054350082
292.39880872179725,359.61869928018336,34.76908613966476
292.4159061498128,0.5303590568347113,48.183146742535506
292.4325131894354,1.4414942857811477,62.18374584350855
292.44862684988215,2.352179184890073,76.77172275357847
292.46424443396637,3.2624913204886035,91.8340297058953
292.47936351054244,4.172512189206873,107.14401618610202
292.4939818750271,5.082327339873043,122.41058000351859
292.5080974999284,5.992028018089677,137.36111940480882
292.52170847843615,6.9017060892096245,151.81422715742642
292.53481296617537,7.8114596758201005,165.70715701912593
292.54740912845665,8.721387679719042,179.07876522841335
292.5594951011977,9.631589728016394,192.0314515639337
292.5710689717777,10.54216473912613,204.69326447094875
292.5821287815561,11.453209653846395,217.1891418047463
292.59267254651775,12.364818540041917,229.62177605796953
292.602698288892,13.277082088200453,242.06014200348446
292.6122040718877,14.190087445280929,254.53455213987036
292.6211880314531,15.103918275076394,267.03843624086875
292.6296484018275,16.018654919932438,279.53720753278134
292.637583534332,16.93437455829509,291.98315600893636
292.64499191074475,17.85115128572059,304.3331843551051
292.651872153705,18.769056080969637,316.5650364623316
292.6582230370953,19.688156649938804,328.6884940239268
292.66404349945486,20.60851717070003,340.7502497142306
292.66933266314936,21.530197996280794,352.83319778555943
292.67408986105147,22.453255407702358,5.051492381001926
292.6783146705833,23.377741539666022,17.541756271178013
292.6820069521089,24.303704607176172,30.44890465280346
292.6851668854291,25.231189522670775,43.90331581173668
292.6877949959265,26.16023890303453,57.986593247475135
292.6898921623054,27.09089434788127,72.68925366751081
292.691459601496,28.02319777644392,87.87696960933835
292.69249883186194,28.95719258910577,103.29400780168469
292.6930116208202,29.89292447947584,118.62228690874873
292.69299992525214,30.83044182506073,133.57531177825453
292.69246583242364,31.76979567444307,147.97489028776286
292.69141150692116,32.71103939481536,161.77434116449143
292.68983914697475,33.654228049863576,175.0342729312745
292.68775095228705,34.599417569361556,187.87925834568765
292.6851491048795,35.546663771277714,200.45735118945183
292.682035763784,36.49602131101316,212.90991383223107
292.6784130731339,37.44754264986542,225.35075964613836
292.6742831814584,38.401277138609224,237.8521827404409
292.6696482683695,39.357270291680756,250.4374792910885
292.66451057408483,40.31556328642639,263.08179483381656
292.65887242762733,41.27619267463569,275.7232523996975
292.652736270864,42.239190255513556,288.2834803477618
292.6461046772473,43.20458303862634,300.6924434059534
292.6389803657133,44.172393221862954,312.91027149915595
292.6313662114082,45.14263811801309,324.9406199355648
292.6232652557306,46.11532997946838,336.8344837049214
292.6146807186205,47.090475692781716,348.6869762093309
292.60561601608384,48.06807634671668,0.6303861067429627
292.59607478536026,49.048126724373304,12.825126964079459
292.5860609184792,50.03061483345308,25.447202600935658
292.5755786017958,51.01552165644515,38.66763475004486
292.56463235465793,52.00282133994485,52.61762632376204
292.5532270561441,52.992481999118745,67.33716104524511
292.54136794769687,53.984467158703296,82.72012456848364
292.52906060396293,54.97873762444032,98.4928393053974
292.5163108736561,55.97525339464465,114.26689497267353
292.5031248021373,56.97397519860318,129.65971017146492
292.4895085520803,57.974865402574515,144.4124785846928
292.47546833612887,58.977888252732534,158.43759961083927
292.461010368661,59.9830095986426,171.7928593593957
292.446140837123,60.99019630129635,184.62414856293893
292.43086588960136,61.999415499064945,197.1121949877269
292.41519163444366,63.010633839546955,209.4349701218181
292.3991241485344,64.02381672951411,221.74303550607158
292.3826694919126,65.0389276261984,234.14237790691587
292.36583372706014,66.055927387403,246.68234892718462
292.3486229412633,67.0747737025999,259.35063392988064
292.33104327024586,68.09542062976419,272.0796223389618
292.3131009211592,69.11781825619504,284.76669166072037
292.2948021932595,70.1419124858084,297.30483222897936
292.27615349524916,71.16764493493436,309.6140572348091
292.2571613591549,72.19495289926921,321.66361150326037
292.2378324515822,73.22376934046095,333.48062097810987
292.218173584039,74.25402283375671,345.1475525073642
292.198191724671,75.2856374194461,356.79393505936605
292.1778940140668,76.31853231352007,8.586604435833488
292.1572877875413,77.35262146390598,20.719227074889243
292.13638060505957,78.38781299754179,33.39770537478931
292.11518028714545,79.42400869554886,46.814164556188054
292.09369495052766,80.46110374301311,61.100831911295664
292.071933031968,81.49898707098153,76.26293485226246
292.0499032857745,82.5375425525347,92.11511792208366
292.0276147440821,83.57665107386823,108.27773455477136
292.00507664050923,84.61619314440217,124.27699375226645
291.9822983123368,85.65605144623754,139.7078015406109
291.95928910473816,86.69611274507008,154.35136123339362
291.9360582973807,87.73626887788625,168.18821145785842
291.9126150622597,88.77641688917213,181.33938266168403
291.88896845003984,89.81645860458042,193.9948066085686
291.86512739605195,90.85629995807301,206.35963670665436
291.84110073668654,91.89585029789833,218.62070146061353
291.81689722959874,92.93502178170318,230.92524350300172
291.7925255742881,93.97372888559931,243.36560997367135
291.76799443189157,95.01188800858023,255.96883946259106
291.74331244416743,96.04941714322071,268.6949968668661
291.71848825189096,97.08623559153598,281.44955914139933
291.69353051266154,98.12226371841705,294.110955145549
291.66844791779005,99.15742274524315,306.5663436676081
291.6432492114749,100.19163458837203,318.7434434604388
291.6179431899916,101.22482174043313,330.6288305336338
291.59253873581855,102.25690717893603,342.27116864828287
291.56704481466994,103.28781427051861,353.77442639818133
291.5414704913054,104.31746662460334,5.287472935058402
291.5158249442472,105.34578784226909,16.993703530113244
291.4901174848282,106.37270111169852,29.10013845507441
291.4643575815025,107.39812863122408,41.821134573916645
291.4385548881282,108.42199090788431,55.34816858642453
291.4127192710637,109.44420608990843,69.79711002516012
291.38686082497446,110.46468962357046,85.13616712428943
291.36098986365243,111.4833546040669,101.12829882220984
291.3351168740868,112.50011310303074,117.3505018216906
291.3092524325054,113.51487844153006,133.32047915363611
291.2834070971458,114.527567952827,148.66351525877943
291.25759130428463,115.53810551964737,163.20821652040073
291.2318152925788,116.54642327835363,176.97515572731493
291.20608906716797,117.55246227383016,190.10773542405764
291.180422399275,118.55617224330281,202.80189279500223
291.15482484820404,119.5575108969489,215.257032732257
291.1293057922236,120.55644304041284,227.6459823216013
291.103874459144,121.55293975799974,240.09572524799532
291.0785399523807,122.5469777462456,252.67401654771126
291.05331127185553,123.53853880064236,265.38248161016594
291.02819733091945,124.52760941618997,278.1606181409018
291.00320697100733,125.51418045201643,290.9044225502177
290.9783489754963,126.49824681773765,303.49744877523335
290.9536320836645,127.47980715441474,315.8449282002046
290.9290650050288,128.45886349892064,327.89958063014893
290.904656433897,129.43542093220788,339.6729728602972
290.8804150638218,130.40948721605818,351.2339561139713
290.85634960181284,131.38107241825227,2.699991086338255
290.8324687825538,132.3501885142166,14.22662826490801
290.80878138326716,133.3168489382714,25.997122280210572
290.7852962399891,134.28106804642678,38.210284983177594
290.7620222654893,135.24286045496504,51.061168553351216
290.73896846754604,136.20224024751366,64.7071308631206
290.7161439635433,137.1592201107467,79.21508050841187
290.69355798379974,138.11381056703078,94.50099202961512
290.67121985327753,139.0660195907124,110.2994527004704
290.6491389423673,140.01585294351727,126.21075487211385
290.62732458517354,140.96331544168024,141.82625214116206
290.6057859771109,141.90841304641975,156.85884646990826
290.5845320755516,142.85115529499078,171.19991645983524
290.5635715285599,143.7915574160089,184.89463007621518
290.54291264522936,144.72964163474043,198.08068586540824
290.52256340462117,145.66543754576804,210.93059377808171
290.50253148915954,146.59898175823818,223.61113275677744
290.48282432656725,147.53031715189536,236.25750233101942
290.46344912906375,148.45949204091747,248.95681479161786
290.44441292467536,149.38655942687748,261.738849701742
290.4257225801324,150.3115764119327,274.57584858759844
290.4073848172825,151.2346037698533,287.39422761988476
290.3894062257503,152.1557056347869,300.0979697256486
290.3717932744095,153.07494925440128,312.59787961953475
290.35455232360357,153.992404755239,324.8374805086192
290.3376896392175,154.9081448777214,336.80837010153715
290.32121140884607,155.8222446526772,348.553602039291
290.3051237595567,156.7347810074129,0.16249838583360046
290.28943277626126,157.645832303307,11.761523257306147
290.2741445195622,158.55547781469014,23.504060562555264
290.2592650420887,159.46379715801555,35.55898531563958
290.244800402575,160.37086967242317,48.095136215491465
290.23075667692507,161.27677374402433,61.257135245746525
290.21713996491144,162.18158606735338,75.12938478620035
290.20395638981717,163.08538086128047,89.69288800060836
290.1912120865282,163.9882291124828,104.79464483164939
290.1789131723163,164.89019800190516,120.16036382550847
290.1670656955533,165.79135074441288,135.46508179674746
290.15567556254115,166.69174707397738,150.43212202112747
290.14474845128,167.59144447438018,164.904199035471
290.1342897294762,168.49050000037025,178.8558375053275
290.12430439636273,169.388972282455,192.36065497931358
290.11479706076665,170.2869232269746,205.54416189896173
290.1057719549246,171.18441907112978,218.54237552501073
290.09723297262775,172.08153072396098,231.4719576060542
290.0891837166202,172.97833355166048,244.4107210696701
290.0816275432168,173.87490685807722,257.38720020434704
290.07456759789676,174.771333285444,270.38000151941
290.06800684072806,175.66769828103966,283.32822069506847
290.06194806354995,176.56408969561508,296.1517833082436
290.05639390206454,177.46059752128085,308.7764788472998
290.0513468460817,178.35731374096113,321.1561376149442
290.0468092506574,179.2543322416292,333.2861298250492
290.04278335006745,180.15174873345885,345.20682248458525
290.03927127553544,181.04966061461002,356.9994391130017
290.03627507644194,181.9481667275535,8.777866352818117
290.0337967435058,182.84736697049388,20.67867345656349
290.03183823139284,183.74736171510312,32.84935841493117
290.0304014776886,184.64825118070152,45.432806406291604
290.02948841531816,185.55013465440095,58.545146022764094
290.0291009762117,186.45310953602174,72.24612790086083
290.02924108487707,187.3572705310762,86.50762174061555
290.02991064112,188.26270885400766,101.19577743367903
290.03111149128557,189.16951149687915,116.08691830538993
290.0328453874445,190.07776065264883,130.92346613521934
290.03511393473985,190.98753339982758,145.4875866001908
290.03791852943306,191.8989017870324,159.65490271733003
290.0412602939595,192.81193341592112,173.40684839405517
290.0451400187239,193.72669252973174,186.80857796181556
290.0495581197997,194.64324145950977,199.97231500744988
290.05451461527116,195.5616421478605,213.02132425372292
290.0600091483639,196.4819574406342,226.06056323498987
290.06604114064453,197.4042519317261,239.15523399104782
290.072609737608,198.32859230777322,252.3183725278212
290.07971373281237,199.25504728167388,265.51006183903775
290.08735173672545,200.18368727442672,278.65029682413495
290.09552221209157,201.11458400477002,291.6434450914697
290.1042234757944,202.04781010609568,304.4068904736691
290.1134537065166,202.9834388403821,316.89441043856556
290.1232109536133,203.9215439355198,329.1082279053827
290.133493147264,204.86219953840376,341.099634459334
290.1442981118308,205.8054802480992,352.9621277173474
290.15562358402195,206.7514611676556,4.821355601344497
290.16746723626903,207.70021789023463,16.823997160084353
290.17982670395276,208.65182632177005,29.124910055047422
290.19269961303127,209.60636224975107,41.86969244714534
290.20608360283063,210.5639006056498,55.16932482849392
290.21997633813265,211.5245144352907,69.06664539401443
290.2343755058866,212.48827366762805,83.50303674545687
290.24927879477025,213.45524382708365,98.3052319275901
290.26468385930633,214.4254848443749,113.21392224785971
290.28058827291517,215.39905008682126,127.95428604439773
290.29698947528533,216.375985676474,142.31565451516943
290.31388471907997,217.35633012272376,156.19923171662126
290.3312710202096,218.34011427860074,169.61935042109312
290.3491451155506,219.32736162685168,182.67344305426673
290.3675034320924,220.31808888999117,195.5029893799565
290.38634207134567,221.31230692079956,208.2582341828598
290.40565681147774,222.31002177099705,221.06934518537943
290.4254431268263,223.31123578381505,234.0228941173996
290.4456962210037,224.31594854385142,247.14431214306873
290.46641106725616,225.32415755834356,260.3908561200216
290.48758244920737,226.33585862123485,273.6612051841227
290.50920499661225,227.35104589124788,286.8233252656511
290.53127321336314,228.36971176938562,299.7529069443297
290.5537814975813,229.39184668082217,312.36809669803773
290.5767241554998,230.41743885835342,324.6490059642559
290.600095411844,231.44647420247142,336.63998241215694
290.623889419734,232.47893626624668,348.44045141372527
290.64810027299274,233.51480638430812,0.19167277922135503
290.6727220232202,234.55406393140854,12.063629054175282
290.69774870295316,235.59668665273833,24.241873442869803
290.72317435440976,236.64265095501764,36.91041816055781
290.7489930605839,237.69193199612994,50.22454998882276
290.7751989722438,238.7445033898181,64.26904968423669
290.8017863220214,239.8003363875513,79.00727300955273
290.8287494172041,240.85939852994775,94.24641156731404
290.8560826072663,241.92165194079652,109.65812850556559
290.8837802295071,242.98705158054477,124.86996237185139
290.91183654287806,244.05554379831779,139.58426988685991
290.94024566266114,245.12706541029638,153.65408364304346
290.9690015062735,246.20154335993686,167.0865867597693
290.99809775537454,247.278894876676,179.99943406768708
291.0275278347462,248.3590279930743,192.56771721635138
291.05728490585346,249.44184229365888,204.98122270036754
291.08736187248513,250.52722980977876,217.41367461224172
291.1177513963268,251.61507600686386,229.99887411248508
291.14844592066635,252.70526081890736,242.81021995220217
291.1794377002225,253.79765967592274,255.84559880981178
291.21071883447286,254.89214446011678,269.02512249956266
291.2422813013757,255.9885843303816,282.2095901513846
291.27411698848437,257.0868463771472,295.23926911939526
291.30621771927343,258.1867961042529,307.98006892120884
291.33857527379536,259.28829776951454,320.3589827709208
291.3711814041391,260.3912146413538,332.37838415648406
291.40402784626724,261.4954092414004,344.1115551101088
291.43710633049915,262.60074364365346,355.6888465523721
291.47040859320384,263.7070798921107,7.282712914641707
291.503926392162,264.8142805805846,19.094708393061573
291.5376515274582,265.92220960577544,31.34218559022297
291.5715758683646,267.0307330489676,44.23802911738584
291.60569138412296,268.13972005759297,57.95405975148401
291.6399901727516,269.2490434976564,72.56199204202476
291.67446447799415,270.3585800784183,87.96379405809601
291.7091066827665,271.46820969010463,103.85652064814475
291.7439092710936,272.57781390233725,119.78970950841489
291.778864760402,273.68727389789314,135.3143685279111
291.81396561800335,274.79646838448133,150.13152857321984
291.8492041822195,275.90527204893664,164.14858492401103
291.88457260548864,277.0135548748498,177.44273822497408
291.92006282677175,278.1211823080693,190.18941765101383
291.9556665705752,279.2280160228358,202.60018762656728
291.9913753647914,280.3339149873221,214.88145293831906
292.02718056971156,281.4387365986093,227.2078134736656
292.0630734137574,282.5423377648126,239.70194701275872
292.0990450357361,283.64457589688635,252.4178458729914
292.1350865385445,284.7453098160772,265.3308998718558
292.17118906801755,285.84440059174784,278.3428260308754
292.2073439530072,286.9417123139719,291.30726721424566
292.24354301555906,288.0371127912294,304.0717891483819
292.2797794539427,289.1304741564368,316.5212096097515
292.3160513296163,290.2216733688936,328.60624179501747
292.35238599854495,291.3105926141684,340.35144466317723
292.3884367140101,292.3971196235079,351.84768701253
292.424644152266,293.4811479534933,3.238468553309118
292.46095852287004,294.5625772811231,14.706754198530527
292.4972103044385,295.6413137761853,26.463790645734814
292.5334209914578,296.71727060757695,38.736387614126315
292.5695884238321,297.7903686152874,51.74480267942706
292.6057063599063,298.86053712278823,65.66074384628956
292.6417674996887,299.92771476514093,80.53988289677297
292.6777642702028,300.9918500761983,96.24633920730757
292.713689083167,302.0529014711341,112.42512890841152
292.7495343905236,303.1108362877842,128.58411066959795
292.78529267852093,304.16562880553045,144.26586566709258
292.8209563859939,305.2172575879951,159.19489739364067
292.85651782894985,306.26570284220065,173.31310261979294
292.89196914344933,307.3109444875017,186.7242307022258
292.92730226451494,308.3529612770241,199.61488322740368
292.9625089387237,309.391730875842,212.19274151748039
292.9975807579944,310.42723053832856,224.64778024829673
293.03250920101533,311.4594380050616,237.12829123432164
293.06728567307226,312.4883323592425,249.72445503894832
293.1019015402389,313.51389472517934,262.4580271289736
293.1363481575788,314.53610879392494,275.2820035595056
293.17061689277773,315.554961212843,288.0953222749461
293.20469914698214,316.5704418894167,300.77273524554903
293.2385863742008,317.5825442511878,313.201639283211
293.2722700999315,318.5912654861682,325.31309476589695
293.30574193904664,319.59660677046,337.0980759671444
293.33899361262536,320.59857347826375,348.6085922904735
293.3720169634251,321.59717536726805,359.9495300179863
293.4048039700208,322.5924267398896,11.267758966105754
293.4373467601216,323.5843465954435,22.7420330299437
293.46963762401236,324.5729588056267,34.57320982850935
293.50166902919244,325.5582923598748,46.97053361542674
293.53343363684996,326.5403817307895,60.12655097598739
293.56492431953274,327.5192673925066,74.17271398050359
293.59613417703605,328.49499647301803,89.11610916548028
293.62705654426463,329.4676234246005,104.78188531723409
293.6576849817257,330.4372104657792,120.81368836566561
293.68801323890204,331.4038274430903,136.76961118951445
293.7180351862633,332.36755079181006,152.27284283205714
293.74774472386326,333.3284615309214,167.11871440902593
293.77713568799555,334.2866426436935,181.28547803616914
293.80620178235114,335.2421765155038,194.8785287119879
293.8349365509923,336.19514307685796,208.0616948590176
293.86333339298494,337.1456189488926,221.00422928762114
293.8913856045694,338.0936774756543,233.84688288701741
293.9190864310901,339.0393892952696,246.6817607324001
293.9464291155039,339.9828230942941,259.5423650019287
293.9734069373728,340.9240463062022,272.4041433947036
294.0000132417595,341.8631256472601,285.1972181776396
294.0262414603055,342.8001274773442,297.8301567223854
294.0520851275658,343.73511802299953,310.21863298952843
294.07753789534576,344.66816351752936,322.31012319683884
294.1025935469573,345.59933031151536,334.0981734855332
294.1272460123797,346.528684995873,345.62533831634397
294.15148938445645,347.45629456371597,356.97833169669667
294.175317935626,348.38222662103817,8.279964281312619
294.1987261343768,349.30654964351316,19.680777679557295
294.22170866064283,350.229333271187,31.350608607932738
294.24426041964205,351.15064863630164,43.46765937517903
294.2663765539637,352.0705687305458,56.2004607016749
294.2880524537474,352.98916883133234,69.67749991877287
294.30928376425067,353.9065270131243,83.94341786288778
294.3300663888088,354.8227247571462,98.9136643697661
294.3503964832724,355.7378476283095,114.35793058437226
294.3702704361737,356.65198590613073,129.94464957177073
294.389684828648,357.5652349536454,145.34151773628074
294.40863637154513,358.47769504057555,160.3165840887544
294.4271218251628,359.3894703897893,174.78298360032443
294.4451379171497,0.3006674401950376,188.7797904971027
294.4626812799667,1.2113926412432787,202.4203793737859
294.47974842498905,2.1217503175746835,215.83940591466876
294.4963357569065,3.031841102841158,229.15215178841765
294.51243961790277,3.9417611704296225,242.42830993456508
294.5280563443788,4.8516021784660035,255.67984001830067
294.54318232115855,5.7614516666652404,268.8635766920651
294.5578140248936,6.671393625737963,281.8984048108182
294.5719480548841,7.581509039360738,294.69258303138156
294.5855811535162,8.49187629720076,307.17234815416583
294.59871022001147,9.402571453911639,319.30274067125066
294.6113323211419,10.313668355439466,331.09636116895285
294.6234447018158,11.22523867754042,342.6116741348096
294.6350447974436,12.137351930915827,353.94557518461335
294.6461302489262,13.050075485443784,5.224532842807945
294.6566989200434,13.963474650119919,16.59635123974939
294.6667489160422,14.877612898642267,28.222100978881013
294.6762786015067,15.792551880818538,40.26568119978684
294.68528661527324,16.708354144216376,52.87706108603398
294.69377188031984,17.625077864112022,66.16542696748348
294.7017336070418,18.542784498956287,80.1626553650452
294.7091712888154,19.46153518009078,94.78817141725126
294.716084688898,20.38139246206256,109.83938725905314
294.7224738174295,21.30242101969826,125.03115277199612
294.728338896921,22.224688240753625,140.07869764800782
294.73368031496676,23.148264690854145,154.78170222471672
294.73849856501135,24.073224256897735,169.06526588471368
294.74279418025975,24.999643789154675,182.9688030846471
294.7465676710841,25.927602130958608,196.60432197535022
294.7498194795199,26.857178591741487,210.10820497964218
294.75254996235304,27.788451120573782,223.59888900859005
294.7547594063934,28.721494557047738,237.14437477716834
294.75644806957797,29.65637929457269,250.7427128993081
294.75761623499324,30.593170516292258,264.320799842744
294.7582642645239,31.531927964634715,277.755099837218
294.7583926432133,32.472706078273326,290.9094778927569
294.7580020111089,33.41555430081872,303.67580598626097
294.75709318372367,34.36051740304293,316.0018539218797
294.75566716446855,35.30763572116047,327.89986608109274
294.75372515293753,36.25694526935935,339.439847434335
294.7512685525089,37.208477726269656,350.73613729717954
294.7482989798891,38.1622603245232,1.9340836669234973
294.7448182781806,39.11831569492795,13.199495599953261
294.740828533827,40.0766617345019,24.70993548006002
294.7363320963378,41.03731157851328,36.64442971396187
294.7313315981473,42.00027375458732,49.16661683180698
294.725829970673,42.96555257535093,62.39643337165194
294.7198304521068,43.933148784005084,76.36995892840025
294.71333658312983,44.90306041385316,90.99933047511104
294.7063521885468,45.875283775988045,106.06077151679058
294.6988813451815,46.8498144659279,121.23897594053581
294.69092833840546,47.82664828440406,136.22177623803162
294.68249761081466,48.805781988104826,150.79491666589874
294.67359370692185,49.78721380405696,164.8860821328906
294.664221217953,50.77094364546074,178.55069438822719
294.6543847314734,51.75697296436911,191.9263330781848
294.64408879153757,52.745304190419915,205.18257671677293
294.633337875402,53.735939756893266,218.4772983694778
294.62213639133,54.72888080482142,231.9200037745046
294.6104886982343,55.72412574873857,245.54278915772866
294.598399142955,56.721668933499245,259.28562766161394
294.5858721070824,57.72149957992114,273.0066697750471
294.57291205419943,58.723601121789535,286.5215333425603
294.5595235703675,59.72795092516184,299.6589271588204
294.54571139426815,60.7345202986854,312.3083399187421
294.5314804369026,61.7432746697881,324.4419998527539
294.5168357931234,62.754173808381516,336.11102213301444
294.5017827483318,63.767172008219966,347.42771355099086
294.4863267837568,64.78221817045495,358.54619351143043
294.47047358325773,65.79925576713781,9.647452622642946
294.45422904377585,66.81822269484117,20.929085345068028
294.4375992904105,67.83905106378617,32.59614046590166
294.4205906954827,68.86166700752814,44.84711688742009
294.4032098988295,69.88599063680174,57.847783263539434
294.3854638242249,70.91193628240067,71.68763696346177
294.3673596851103,71.93941315241311,86.32515472431434
294.3489049729554,72.9683264519649,101.55075367833369
294.3301074244691,73.99857888953616,117.01205751161
294.31097496906915,75.0300723697599,132.31732847594546
294.2915156634596,76.06270960941444,147.1652802973767
294.2717376232852,77.09639544295277,161.42219086335135
294.251648961441,78.13103768358712,175.1184797909057
294.2312577395798,79.1665475174904,188.39659140475092
294.21057193575535,80.20283948308078,201.451061956829
294.1895994285384,81.2398311130125,214.47919912912735
294.1683479966862,82.2774423136082,227.6421879681059
294.146825332874,83.3155945527404,241.03217787656732
294.12503906931335,84.35420993694096,254.6468745005276
294.1029968120018,85.39321027646695,268.38207718749004
294.0807061792367,86.43251624599786,282.05464448159364
294.0581748395504,87.4720467340145,295.45563875239696
294.03541054483736,88.51171843464164,308.412891419296
294.01242115601843,89.55144568441774,320.8349223236958
293.98921466057635,90.59114050032052,332.7228394914887
293.96579918306924,91.63071274627744,344.15738484782946
293.94218299090477,92.67007034577584,355.27677638012756
293.9183744981576,93.70911946373867,6.256943758587238
293.8943822701741,94.74776459590741,17.29807328529905
293.87021503123884,95.78590852590465,28.615657730126447
293.8458816766863,96.82345214095922,40.43081748416846
293.8213912893625,97.86029414227966,52.95219459417484
293.7967531580802,98.89633074881608,66.34058796988242
293.7719767927394,99.93145556615907,80.65230707088615
293.7470719278843,100.96555984649041,95.77605064926517
293.72204850896304,101.99853335021993,111.4085049389185
293.6969166337395,103.03026589066376,127.11948654067531
293.6716865030401,104.060649414027,142.4963678992743
293.64636832137535,105.08958024082922,157.27841707689157
293.6209722171015,106.11696100971851,171.40204870483183
293.5955081771753,107.14270197916342,184.9621754964264
293.5699860086341,108.16672157985597,198.14279728844159
293.5444153266039,109.18894632805892,211.1550691362876
293.51880556282134,110.20931031447998,224.19147884660478
293.49316598714444,111.22775447529004,237.3907375053053
293.4675057359112,112.24422578728769,250.8093505428844
293.44183384320104,113.25867646276589,264.40441182966566
293.4161592727167,114.2710631786794,278.039274397449
293.3904909487573,115.28134636084552,291.51999636621287
293.3648377848928,116.28948954532729,304.65359166449014
293.3392087089453,117.29545884190766,317.3031373560389
293.3136126831302,118.29922251958318,329.4173773577991
293.28805871882474,119.30075071942296,341.0309927796738
293.2625558862742,120.30001527983444,352.2472699486829
293.2371133203953,121.29698963922088,3.217246477882447
293.2117402244673,122.29164876594844,14.123343938914871
293.1864458737912,123.28396905772117,25.16878955520239
293.16123962129353,124.27392815276325,36.56973718350039
293.13613090648823,125.26150460552492,48.544201506175646
293.11112926804054,126.24667740518125,61.28975619812521
293.0862443581638,127.22942536456726,74.94196559396967
293.06148595413316,128.20972648731728,89.51374836027357
293.03686395881033,129.18755752360744,104.83920192261826
293.01238837991315,130.1628940079442,120.5728252760565
292.98806927963255,131.1357110562908,136.2823135705129
292.96391669431074,132.10598501238266,151.597670720341
292.9399405364854,133.07369570248176,166.3206299244938
292.9161505017327,134.0388287593304,180.43954979029843
292.89255600273697,135.0013774210115,194.0759850812708
292.86916614207416,135.96134344606304,207.4149714314252
292.84598972071575,136.91873714281562,220.64743157565917
292.8230352698667,137.87357676874652,233.92807940478974
292.8003110923717,138.82588762334942,247.34440580022476
292.7778253038466,139.775701086091,260.89669412702636
292.75558586878935,140.72305373526584,274.49599605123814
292.7336006306862,141.66798658907928,287.9876105026735
292.7118773369662,142.610544457606,301.1972075405484
292.6904236600416,143.55077537737935,313.98227191074585
292.6692472152983,144.4887301049175,326.2677798106475
292.64835557635337,145.42446165806453,338.0565469728596
292.6277562875381,146.35802490499444,349.4197094429781
292.6074568735473,147.2894762047258,0.4791757193599246
292.58746484648384,148.21887309860716,11.391209196073712
292.5677877109762,149.14627404116385,22.33463201391061
292.5484329684653,150.07173814436922,33.50264559506619
292.52940812193503,150.9953248957885,45.094476906229865
292.51072068214825,151.91709380229042,57.30118265879384
292.49237817566416,152.8371039125047,70.27908930199487
292.4743881533595,153.75541319121413,84.10722650521923
292.4567581957679,154.67207776883723,98.73685653673859
292.4394959085436,155.58715117798963,113.96205782846245
292.4226088989804,156.50068380669737,129.45087553281263
292.4061047252217,157.41272289164837,144.84530925328013
292.389990816362,158.32331334705484,159.87820063157196
292.37427437404506,159.23249949423763,174.43726129834428
292.3589622785826,160.14032737717582,188.55548064896814
292.3440610255523,161.04684704621187,202.3580878306758
292.3295767079174,161.9521141970811,216.00242127855105
292.31551504062264,162.85619086589637,229.62794133653696
292.3018814112585,163.7591452687596,243.3193499346955
292.2886809379192,164.66105110540346,257.0838799379798
292.27591852107156,165.56198666565487,270.8475928919457
292.2635988839554,166.46203397213858,284.47564805879034
292.25172660166805,167.3612780665409,297.81305561454553
292.2403061217262,168.25980645505766,310.73070185337644
292.22934177935184,169.15770868075904,323.1582838560651
292.21883781006,170.05507597556948,335.09520809737825
292.2087983610937,170.95200094874815,346.6033273976211
292.1992275022937,171.84857728190596,357.7914580032477
292.19012923630686,172.7448994157414,8.79992633946918
292.18150750772,173.64106222595265,19.788720357627987
292.17336621074173,174.53716069177005,30.928888640814765
292.1657091953252,175.43328955861315,42.39446778098661
292.15854027195013,176.3295429871276,54.35093012319166
292.1518632154037,177.22601416732144,66.93583789073595
292.1456817675939,178.12279486405296,80.22942599325746
292.13999963850483,179.0199748566014,94.21976269367549
292.1348205027887,179.91764125127875,108.779195258651
292.13014798741943,180.81587769465082,123.67683284615889
292.12598564410763,181.71476360339975,138.63873717533284
292.1223369004889,182.61437364040117,153.43281988945606
292.1192049885397,183.51477774726843,167.93281752525988
292.11659285803813,184.41604199552134,182.13272433835218
292.1145030938101,185.31823027770506,196.11812132030676
292.1129378604349,186.22140650165932,210.01766669190116
292.1118988908851,187.12563669901638,223.9528949976693
292.111387518918,188.0309905047004,237.995145566734
292.1114047396587,188.93754177161148,252.1360683327596
292.11195127761505,189.8453684288041,266.2806474134405
292.1130276462938,190.75455188002329,280.269862913699
292.11463419245473,191.66517624395212,293.92803449344984
292.1167711252511,192.57732764078762,307.1149063094378
292.1194385341424,193.49109362070098,319.7600804425591
292.1226364001887,194.40656270186673,331.87083275938477
292.1263646043374,195.32382418492458,343.5200354132906
292.13062293336395,196.242967900349,354.8266644857178
292.13541107106136,197.1640839154271,5.937924358727185
292.1407285375422,198.08726238501046,17.016128465510516
292.14657497487985,199.01259328589921,28.22927734704233
292.15295015651486,199.9401660705664,39.742214720445105
292.1598534118418,200.87006923179808,51.70453736732693
292.1672841400438,201.8023898045658,64.2319396374628
292.17524175221996,202.73721280796576,77.38048751910667
292.1837256249726,203.67462062904676,91.11994013621086
292.19273508783317,204.61469234394724,105.32120338473594
292.2022694087944,205.55750296540018,119.77584661567171
292.2123277718228,206.50312261750778,134.2516196838299
292.2229092433039,207.4516156801458,148.5621296977474
292.234012725096,208.40304001984705,162.61653280925583
292.24563689456096,209.357446511881,176.43036831028155
292.2577801374364,210.31487910570516,190.10317533229428
292.2704404862164,211.2753756202511,203.77893799522602
292.2836155806371,212.23896924461914,217.60086477631202
292.297302663454,213.20569044076214,231.665462256471
292.3114986136286,214.1755687665352,245.981601043325
292.32620000622404,215.1486341861112,260.4480181716045
292.3414031813555,216.12491767240655,274.867070144881
292.35710430633213,217.1044511713018,288.9996872202733
292.37329942236425,218.08726715310937,302.6391512473846
292.3899844746875,219.07339799657254,315.66668226063456
292.4071553295901,220.0628753877727,328.0678077421491
292.42480778338745,221.0557298333822,339.916419803274
292.4429375679795,222.05199031981556,351.34637817586264
292.46154035641956,223.05168410497234,2.525773912783098
292.480611770545,224.05483660230644,13.639039899446132
292.5001473914105,225.06147130098864,24.87529238845744
292.5201427720393,226.071609657449,36.418374332729215
292.54059345088774,227.08527089325352,48.43331325135437
292.56149496353044,228.1024716448785,61.04466853379858
292.58284284964867,229.12322543396309,74.30593651147221
292.60463265264144,230.14754195871066,88.16795551425481
292.62685991008556,231.17542623938388,102.46602128801992
292.6495201345587,232.2068776725116,116.94802392921294
292.67260878551326,233.2418890536995,131.3452882318733
292.6961212335567,234.28044562226702,145.45447899216825
292.72005271866965,235.32252417614657,159.1888744034322
292.74439830403554,236.36809231777104,172.58277140527878
292.7691528279942,237.41710792569856,185.7628088874541
292.79431085854856,238.46951898654734,198.9073808113851
292.8198666573608,239.52526393024814,212.2051767030471
292.845814161643,240.58427254816993,225.8130584458917
292.8721469907339,241.64646743061462,239.8113904708217
292.8988584787131,242.71176569063627,254.16351660238396
292.925941727058,243.78008063931475,268.70020313083194
292.95338966590634,244.85132310919596,283.15290499997167
292.9811951117726,245.92540226862684,297.2346212547631
293.0093508133111,247.0022259443631,310.7290703123598
293.0378494822609,248.0817005911151,323.5417626017693
293.06668381128213,249.16373108601624,335.6998625077185
293.09584648277297,250.24822050319779,347.3213091650232
293.12533017319896,251.3350699740365,358.5792500794362
293.15512755676446,252.42417868788505,9.675429479261087
293.1852313111222,253.51544404594526,20.8238786656475
293.21563412657605,254.60876194623006,32.24005170237463
293.24632871891055,255.7040271455977,44.12839134196702
293.2773078445155,256.80113361349044,56.660920314503954
293.3085643148899,257.89997476581516,69.94165077735282
293.3400910061943,259.0004434586813,83.96045743320919
293.3718808589085,260.1024316461965,98.55795507308017
293.4039268635033,261.2058296722521,113.43791083546733
293.43622203062995,262.31052526072267,128.2471842555497
293.46875934799834,263.41640235690903,142.6905086644446
293.50153172941157,264.52334001563594,156.6137433963477
293.53453196293714,265.63121151123573,170.01933825207047
293.5677526645679,266.73988378063297,183.03088785552436
293.6011862417965,267.8492172428019,195.84212769453964
293.6348248696287,268.959065997178,208.6709305097298
293.6686604804783,270.06927839326266,221.72006761151377
293.70268476897155,271.17969796187543,235.1384133495883
293.73688921208816,272.2901646780933,248.97981546520828
293.7712651035426,273.40051647629224,263.1695990326743
293.80580359890246,274.51059087585503,277.5024974364981
293.8404957656292,275.62022653745095,291.69211728020457
293.8753326312886,276.72926458309854,305.4599136628306
293.910305224272,277.8375495784849,318.6179895371585
293.9454046040298,278.9449301647007,331.1058702577366
293.98062188088176,280.051259402624,342.97947137935125
294.01594822785654,281.15639493495183,354.37720546782566
294.0513748883015,282.2601990774552,5.4867433068954234
294.08689318338674,283.36253893429335,16.52217119137033
294.12249452365126,284.4632866051772,27.71050088811784
294.15817042903996,285.56231952184777,39.28144173280857
294.1939125634414,286.65952091755,51.452231835327034
294.22971279472443,287.7547803912056,64.3986427978508
294.26556330630586,288.8479944740629,78.20675680767589
294.30145683361906,289.93906704592786,92.81450021148994
294.3373872603492,291.0279094030613,107.97829577992447
294.37335137361976,292.1144397901002,123.3134912767548
294.40935204984163,293.19858231043935,138.4161685896691
294.44526678915076,294.2802653168132,152.99874031971015
294.48110777022504,295.3594195805378,166.95698942743908
294.51709894403785,296.43597663265183,180.35293862135237
294.55306702051735,297.50986760235065,193.35570713348088
294.58900521463397,298.58102269296916,206.18152027502825
294.6249084271347,299.6493712451424,219.04694363202182
294.66076955822217,300.7148422284078,232.13130469311986
294.696580549195,301.77736499055055,245.5415486464417
294.7323328647204,302.8368701380909,259.2805940107407
294.768017718338,303.89329047220184,273.2324229832146
294.80362618252934,304.9465619332438,287.18262555401793
294.8391492854899,305.996624510759,300.87902201947657
294.8745780564278,307.04342306743337,314.10846513926634
294.909903571543,308.0869080223544,326.7522892726153
294.9451169855891,309.12703585130515,338.8009263134143
294.98020955356566,310.16376938926743,350.33664286042864
295.01517264431953,311.1970779537124,1.505167874939161
295.04999774838666,312.2269373359688,12.491133258235529
295.08467648273916,313.25332972542543,23.5019078291906
295.11920059502756,314.2762436365507,34.757409059255245
295.15356196946,315.2956739038917,46.4799859266957
295.1877526356628,316.3116217968528,58.87650890331815
295.2217647806769,317.3240952819154,72.10440347863006
295.25559076251426,318.33310941844593,86.21869813493453
295.2892231213496,319.3386868078597,101.11505018593901
295.32265458176636,320.34085792648096,116.5104938365631
295.3558780377129,321.3396610873639,132.00628045100459
295.38888651306394,322.3351417584286,147.22122401429843
295.4216730968599,323.32735108692185,161.91488312403604
295.4542308626091,324.31634375379207,176.02994254488058
295.48655279033386,325.302175586597,189.65743384045905
295.51863171157316,326.28490149671893,202.9717803104944
295.55046028918383,327.2645741691113,216.17065988436124
295.5820310308383,328.2412436174855,229.42859020425263
295.61333632554624,329.214957431613,242.86069596125094
295.6443684901794,330.1857614201046,256.4950780526513
295.6751198161457,331.1537003835995,270.26044145205213
295.7055826111993,332.1188188556852,284.00026253084
295.7357492351514,333.0811617472103,297.51690606441576
295.76561213013434,334.0407748906489,310.6308929717235
295.7951638464516,334.9977055039689,323.22920603312474
295.82439706464885,335.9520025911425,335.28519486921004
295.85330461391135,336.9037172840434,346.8519065109567
295.88187948663085,337.8529031197281,358.04233586836875
295.91011484910945,338.79961624456,9.0091046346437
295.93800404881034,339.7439155435916,19.929376929855582
295.9655406190926,340.6858627073321,30.994960028374248
295.9927182827751,341.6255222640081,42.40414630746117
296.01953095598196,342.5629616194645,54.349967646465274
296.0459727534408,343.4982511557824,66.99858866256064
296.0720379956453,344.4314644403121,80.45319851086904
296.0977212169733,345.3626785837915,94.70723715727452
296.1230171718603,346.2919747503169,109.60849478048301
296.14792083362295,347.2194387522898,124.87056898799558
296.17242737826643,348.1451615584754,140.1516165236198
296.19653214544377,349.06923943208085,155.167482478091
296.2202305731771,349.9917733758379,169.7722807191337
296.24351811307497,350.91286769178237,183.9694441261804
296.26639014498477,351.8326277874456,197.8695477011273
296.288841915945,352.75115772650923,211.63025549030988
296.3108685213689,353.66855817304,225.40051324668846
296.3324649296705,354.58492518872214,239.27566947722144
296.3536260362038,355.50034995704954,253.2666068326827
296.37434672708775,356.41491919123155,267.2901613753923
296.3946219378584,357.32871587554,281.1890375335321
296.41444669990943,358.2418200551578,294.7789615956561
296.4338161742082,359.15430951728723,307.9043880300165
296.4527256750844,0.06626031607292475,320.4784523044495
296.4711706875928,0.9777471589187986,332.4950921614021
296.4891468812608,1.8888436972254883,344.01863952178707
296.50665012190973,2.799622764829751,355.1640442649805
296.5236764821987,3.710156595234484,6.078155474078561
296.5402222508604,4.620517033072016,16.926240949324825
296.55628394031675,5.530775742261849,27.883188584322593
296.5718582924646,6.441004406892932,39.126392213099486
296.586942282734,7.351274922634914,50.82619637916869
296.60153312285104,8.261659585757876,63.12943963168269
296.61562826286246,9.172231300809925,76.13303174454785
296.6292253927019,10.083063842225242,89.85006745886335
296.64232244277065,10.99423221353741,104.18209166393693
296.6549175815903,11.90581314189365,118.92149242785297
296.6670092066997,12.81788571340262,133.80124645861173
296.67859592311567,13.730532084255495,148.5780707467019
296.6896765031999,14.643838092738804,163.1058507283169
296.700249824676,15.557893481585673,177.36343953869653
296.7103147913377,16.47279140256639,191.43477460921142
296.7198702519788,17.388627017215875,205.46164246378714
296.72891494084047,18.30549534193148,219.58802889226317
296.737447459727,19.223488846127356,233.90600871582282
296.7454663068954,20.14269544169584,248.41175671161056
296.7529699399527,21.06319729684814,262.9867784041896
296.75995685077413,21.985070528971807,277.42078283301566
296.7664256332701,22.908385534548856,291.47501537859995
296.77237503423095,23.833207616030364,304.9569203237516
296.77780398634764,24.759597640763005,317.76883519627387
296.7827116274457,25.687612599853633,329.91569969344386
296.7870973112246,26.617305888054982,341.48396049474786
296.790960613991,27.548728852746574,352.61229824193515
296.7943013403586,28.481927139085126,3.4674751543077527
296.797119529398,29.416945667595716,14.228839509094799
296.79941546152094,30.353825682758067,25.079333076336823
296.80118966555557,31.292605625338496,36.198810090742604
296.80244292501953,32.23332132526018,47.755045371645956
296.80317628252607,33.17600619840528,59.88811684946334
296.8033910414626,34.1206915223105,72.68575221680942
296.8030887644213,35.06740676110284,86.15288312620231
296.8022712680798,36.016179942161905,100.18874260152472
296.8009406141087,36.967038098618666,114.59299178668608
296.799099095087,37.9200078011922,129.11453976480263
296.79674921341774,38.87511579871526,143.5287694284763
296.79389365028646,39.832389755329764,157.7049132044695
296.7905352216508,40.79185900329891,171.6330402692721
296.7866768203078,41.753555129455044,185.4092858312317
296.7823213481772,42.71751212077962,199.19632249171104
296.7774716502893,43.683765789635096,213.1734500240583
296.77213046786466,44.65235235714881,227.48100404044894
296.7663004268817,45.62330637663991,242.16236893396544
296.75998406821367,46.59665846970554,257.11898608612256
296.75318391048023,47.57243342654939,272.1089052675895
296.74590252638774,48.5506490334983,286.81061698079395
296.7381426131231,49.53131567613542,300.9292984602202
296.7299070450718,50.51443652193148,314.2847822046593
296.7211989064089,51.50000800227547,326.8390000429641
296.7120215073292,52.4880203571785,338.6711418731265
296.70237838991756,53.47845809882671,349.9342505522466
296.6922733292046,54.47130033626696,0.8182746218380935
296.6817103333843,55.46652096256537,11.527093473380146
296.67069364545074,56.46408873964839,22.26663168678643
296.65922774701556,57.46396733301349,33.2380020187675
296.6473173638563,58.466115354998834,44.629442381988476
296.63496747180744,59.470486473871176,56.601361319607314
296.6221833009745,60.47702963669511,69.26062828708497
296.6089703360329,61.485689436995806,82.62603458677434
296.5953343106101,62.49640663631124,96.59859828052123
296.5812811943954,63.509118827541876,110.96214554675821
296.5668171724215,64.52376121397792,125.43391366183234
296.55194861661903,65.54026747402166,139.75239111052073
296.5366820500404,66.55857068383435,153.75744672429553
296.52102410419286,67.57860426708051,167.4244688770793
296.50498147019727,68.60030291872913,180.85063125450802
296.4885608456828,69.62360340152613,194.21539345049405
296.4717688818875,70.64844505120426,207.73382949119005
296.4546121388933,71.67476978830886,221.6067492243102
296.4370970594446,72.7025214753271,235.9635129505043
296.41922997070486,73.731644608821,250.80050297075138
296.40101711713737,74.76208255654052,265.9402417990827
296.3824647183414,75.79377572429202,281.0531501059919
296.36357903805,76.82666005606598,295.7580702208003
296.34436644884585,77.86066612223584,309.7518904511376
296.3248334816745,78.89571883086678,322.8897826895829
296.30498685644756,79.93173762418833,335.1867130972042
296.2848334960336,80.96863695216754,346.77131396842833
296.2643805289357,82.00632683235389,357.8344125269578
296.24363528628675,83.04471336411754,8.593069071845365
296.22260529764134,84.08369912866193,19.271392327971636
296.2012982884318,85.12318345703535,30.091492122312065
296.1797221803851,86.1630625854333,41.26673593539895
296.1578850947886,87.20322974498082,52.9899654598527
296.1357953571879,88.24357525554679,65.41036104296431
296.1134615009257,89.28398670911274,78.596647004675
296.0908922660532,90.32434933197756,92.49549931933286
296.06809658990545,91.36454659870195,106.91129064932612
296.0450835863821,92.40446113014148,121.53960256862759
296.0218625127846,93.44397584943289,136.05866727788077
295.9984427255159,94.48297531108467,150.23407240270163
295.9748336282127,95.52134708059585,163.9791408178261
295.9510446172033,96.55898303650879,177.35328367692455
295.92708502933505,97.59578048653219,190.52198557423534
295.902964096688,98.63164301453173,203.70721826176444
295.8786909121798,99.66648098898303,217.1395932194705
295.8542744098466,100.70021166653122,231.00836825435408
295.8297233631908,101.73275883650983,245.40371305112055
295.8050464035544,102.76405199870335,260.26030155498
295.78025206107714,103.7940251540358,275.33593975740257
295.75534880203696,104.82261538876215,290.2644097141803
295.73034510694276,105.84976149557143,304.6762745173002
295.705249509469,106.87540285962177,318.3186303417363
295.6800706411825,107.89947874718233,331.1062179503059
295.65481725764425,108.92192801369794,343.1003372192488
295.62949825017614,109.94268914901888,354.45694560648667
295.60412264694327,110.96170052849045,5.379944303589938
295.5786996079956,111.97890073719746,16.09202641849259
295.5532384184965,112.99422886191881,26.820219377631222
295.52774848323304,114.00762468240366,37.788506257954076
295.50223932413854,115.01902873011927,49.20959263687248
295.4767205811664,116.02838221703321,61.26834841199065
295.45120201540215,117.0356268723778,74.09115206320983
295.4256935117468,118.0407047642837,87.70221554055091
295.40020507697704,119.0435582222811,101.98379788234881
295.37474682796983,120.04413000248117,116.67476268716639
295.34932896519393,121.04236382733048,131.43507507164514
295.32396172898274,122.03820536633701,145.95727329975418
295.29865534057507,123.03160360624939,160.0619453088846
295.27341993502415,124.02251242871978,173.72946086025308
295.248265496434,125.01089213276624,187.07341820943793
295.2232018057801,125.99671065121082,200.28942330848636
295.19823840802115,126.97994430388508,213.6030063100075
295.173384600376,127.96057805021839,227.22061772379163
295.1486494398093,128.9386052931592,241.2782561266754
295.1240417659541,129.91402732346398,255.78839345338815
295.0995702354197,130.88685249315205,270.6046146511674
295.07524336361666,131.857095198201,285.43822883108464
295.05106957013913,132.8247747524921,299.9423985395268
295.02705722338567,133.78991424732607,313.8266213775766
295.0032146800359,134.7525394989889,326.9355866695006
294.97955031575844,135.7126781756138,339.2608042735571
294.9560725451991,136.67035915996368,350.9055011089472
294.9327898313915,137.62561215650217,2.039131627904304
294.90971068657143,138.57846750544516,12.862815500761203
294.88684366745116,139.52895613607333,23.589448229073017
294.8641973682126,140.47710958028935,34.433679295879905
294.8417804139933,141.4229599717299,45.6048610240508
294.81960145673514,142.36653996980502,57.29608469926624
294.7976691741238,143.30788256814517,69.66310956425677
294.775992270982,144.24702077368778,82.790187109532
294.7545794808366,145.1839871803011,96.64933792394761
294.73343956349385,146.11881351362211,111.07576119951591
294.7125812927296,147.0515302881923,125.79099051059778
294.69201342765325,147.98216677300795,140.48386030137314
294.67174466339435,148.91075146506586,154.9129037781323
294.65178356245485,149.83731317707176,168.97308519769356
294.63213847617584,150.76188265169895,182.70158647965187
294.6128174723008,151.6844943972412,196.24011197809023
294.59382828500213,152.60518832627255,209.7822572534172
294.575178296806,153.52401084900524,223.5206349467188
294.5568745515399,154.44101528099466,237.59490986512324
294.5389237895303,155.35626164099907,252.04158879123318
294.5213324938583,156.26981603517143,266.75896151150033
294.50410693860084,157.18174983182357,281.51331406765206
294.48725323373054,158.09213877361984,296.00226862000756
294.4707773644572,159.00106210660098,309.9519162084199
294.45468522442667,159.9086017595197,323.1947910924905
294.4389826426319,160.81484158828655,335.6938880108631
294.42367540382696,161.7198666995202,347.52075898853946
294.4087692622414,162.62376287107733,358.8168507874024
294.3942699487457,163.52661608615978,9.759931939823296
294.38018317224754,164.42851218764343,20.542540643175414
294.36651461677184,165.32953664289792,31.36018998166139
294.35326993612136,166.2297743916269,42.40401644590716
294.3404547480709,167.1293097348198,53.852285670422994
294.32807462970965,168.0282262143336,65.8557775664821
294.31613511482055,168.92660643080518,78.51405101604676
294.3046416931159,169.82453175369494,91.84508520757163
294.2935998096908,170.72208189497042,105.76091935956963
294.283014861221,171.61933435443862,120.0709615444908
294.2728921834621,172.51636380792615,134.52841846027118
294.26323702335844,173.41324159827425,148.90769872303622
294.2540544901569,174.31003557653847,163.0744395063182
294.2453494851638,175.2068105629454,177.01513775371333
294.23712661923366,176.10362957775678,190.82291043448583
294.2293901368161,177.00055571959913,204.65640550454953
294.2221438683592,177.89765426640238,218.68773828362876
294.2153912246587,178.79499444576325,233.0461064284475
294.2091352312798,179.69265047007494,247.76222256569622
294.2033785882225,180.59070174903948,262.7294495801603
294.1981237363947,181.48923246727205,277.70907011750495
294.19337291720734,182.38833082195706,292.3952240358086
294.18912821923027,183.28808817345143,306.5139132461398
294.1853916118078,184.1885982573352,319.9008957226992
294.18216496838954,185.08995651074315,332.52374092105305
294.17945008274245,185.99225950726148,344.4576874125518
294.177248680406,186.89560447193767,355.8455079287349
294.1755624266693,187.8000888487097,6.863194569725931
294.1743929315451,188.70580990405446,17.697966340108415
294.17374175185967,189.6128643630901,28.53607980531959
294.17361039064525,190.5213480815901,39.55524523184064
294.17400029433696,191.4313557567411,50.91661943926558
294.17491284860034,192.3429806714408,62.752438224390595
294.176349373748,193.25631445406648,75.14751604517096
294.17831112050806,194.17144682146701,88.11729338285717
294.1807992663056,195.088465261258,101.59202427038787
294.18381491121437,196.00745460490631,115.42189134664476
294.1873590713986,196.92849645254572,129.4128920747493
294.19143266629806,197.85166844467633,143.3854524448467
294.19603648950357,198.77704344681283,157.23045109934756
294.20117100710576,199.70468882227286,170.93871030923825
294.2068362983435,200.6346660837852,184.59767741855083
294.21303344521897,201.5670312537342,198.363519787584
294.2197615248297,202.50183612323926,212.4176507922712
294.2270197734168,203.43913026569382,226.91048706337213
294.23480703751744,204.37896329574983,241.89503159995914
294.24312177175324,205.32138667217393,257.2675695323738
294.2519621208282,206.26645488432894,272.75478185990727
294.2613260035751,207.2142254733608,287.98173250354006
294.27121118269116,208.16475844733165,302.5989778496496
294.2816153135723,209.1181155468436,316.39122843268393
294.2925359737909,210.07435938326384,329.3099861672148
294.3039706787171,211.03355269937086,341.4405133537661
294.31591688911595,211.99575775664036,352.9473942093568
294.3283720150889,212.96103587833204,4.029878317641621
294.34133341886746,213.92944707547704,14.894894198355507
294.35479841740454,214.90104971354762,25.743187020929454
294.3687642846647,215.8759001826667,36.76130551522059
294.383228252992,216.8540525492384,48.11320757603926
294.3981875128654,217.83555818161753,59.927208801439285
294.4136392105982,218.82046535265806,72.27699011588415
294.4295804439043,219.80881882462685,85.16062950205942
294.4460082555259,220.80065941596487,98.48866630060935
294.4629196250782,221.79602353625887,112.09580435357104
294.48031145880714,222.79494265988635,125.7829075139288
294.4981805760595,223.79744269733462,139.3769647502365
294.5165236901225,224.80354322673546,152.78294269179852
294.5353373801628,225.81325658075068,166.0077238794731
294.55461805114624,226.82658685936315,179.15498545962035
294.5743618809327,227.84352905747548,192.40156551101987
294.59456475879443,228.86406861958017,205.9634332226572
294.61522222695123,229.8881817707523,220.0499014617529
294.63632944385273,230.91583681817394,234.79909334629573
294.6578811874386,231.94699626370382,250.19738506829097
294.67987190313926,232.9816191953594,266.01755863679784
294.70229578326234,234.01966329757167,281.84051315441155
294.7251468543544,235.0610860338802,297.1897686045971
294.74841905158,236.10584494104955,311.7041378858349
294.77210626966763,237.1538972742026,325.2323028640661
294.79620239066867,238.20519933903654,337.8171605053806
294.8207012948106,239.25970578560626,349.6252167692651
294.8455968619235,240.31736902085825,0.8796019925139849
294.8708829693847,241.37813879433926,11.818181104062184
294.8965534902246,242.44196194573587,22.67299205399327
294.9226022929855,243.50878226947827,33.6604428117703
294.94902324340165,244.5785404393497,44.97288897412937
294.97581020697186,245.65117393649595,56.76492557209401
295.0029570509357,246.72661693316653,69.13126158275197
295.0304576440288,247.8048000997027,82.07941191953424
295.0583058526289,248.88565032090924,95.51028622999716
295.086495532425,249.96909032542337,109.22690930533504
295.1150205153444,251.05503824246455,122.9832558750651
295.14387459189754,252.14340710058391,136.55893803092877
295.1730514891448,253.23410427366153,149.8242446206243
295.20254484415335,254.3270308678294,162.768353330708
295.2323481723637,255.4220810425563,175.49104504107228
295.2624548302941,256.51914128580074,188.1753697878415
295.29285797321836,257.6180897282752,201.05560588871177
295.3235505113993,258.7187956787896,214.3821541178097
295.3545250727995,259.821119650083,228.37407636708755
295.3857739839193,260.9249141451756,243.14847392921683
295.41728928009206,262.03002531712855,258.63430011050934
295.44906274971896,263.13629531865354,274.5205232405286
295.4810860053902,264.24356487244,290.3136701830622
295.5133505650974,265.35167550808006,305.51240598148155
295.545847924933,266.460471085963,319.78636316707906
295.57856961111287,267.5697985349193,333.04180889417586
295.6115072087214,268.67950798122,345.37553255057304
295.64465237177956,269.789452545663,356.99220841117835
295.67799682203145,270.89948805547357,8.139381577466844
295.71153234322594,272.00947283076215,19.071455178705474
295.7452507755711,273.1192676182251,30.033346111328314
295.77914401280674,274.22873568075545,41.25142226872152
295.8132040025298,275.33774301084514,52.92171486019026
295.84742274905767,276.44615861057537,65.18858295853939
295.8817923171187,277.55385476571644,78.11245115410436
295.91630483398365,278.66070723497165,91.63613286527067
295.9509524873858,279.76659528077056,105.57329348764665
295.98572751689073,280.87140148895594,119.64466156381049
